Workbook

Sheet XTab DS_1
A1: JANコード(EAN/UPC) | B1: 品目コード | C1: 品目テキスト | D1: 保管場所 | E1: 保管場所名 | F1: 在庫数量 | G1: 在庫金額
A2: 4515142521130 | B2: CX2412DNDCF-OR | C2: ダンダダンPOPUP クリアファイル オカルン | D2: CX01 | E2: CX催事 | F2: 0 | G2: 0
A3: 4515142521130 | B3: CX2412DNDCF-OR | C3: ダンダダンPOPUP クリアファイル オカルン | D3: DB00 | E3: DBS倉庫 | F3: 121 | G3: 7502
A4: 4515142521147 | B4: CX2412DNDCF-MM | C4: ダンダダンPOPUP クリアファイル モモ | D4: CX01 | E4: CX催事 | F4: 0 | G4: 0
A5: 4515142521147 | B5: CX2412DNDCF-MM | C5: ダンダダンPOPUP クリアファイル モモ | D5: DB00 | E5: DBS倉庫 | F5: 240 | G5: 14880
A6: 4515142521154 | B6: CX2412DNDCF-SK | C6: ダンダダンPOPUP クリアファイル 星子 | D6: CX01 | E6: CX催事 | F6: 0 | G6: 0
A7: 4515142521154 | B7: CX2412DNDCF-SK | C7: ダンダダンPOPUP クリアファイル 星子 | D7: DB00 | E7: DBS倉庫 | F7: 58 | G7: 3596
A8: 4515142521161 | B8: CX2412DNDCF-AR | C8: ダンダダンPOPUP クリアファイル アイラ | D8: CX01 | E8: CX催事 | F8: 0 | G8: 0
A9: 4515142521161 | B9: CX2412DNDCF-AR | C9: ダンダダンPOPUP クリアファイル アイラ | D9: DB00 | E9: DBS倉庫 | F9: 75 | G9: 4650
A10: 4515142521178 | B10: CX2412DNDCF-TB | C10: ダンダダンPOPUP クリアファイル ターボババア(招き猫) | D10: CX01 | E10: CX催事 | F10: 0 | G10: 0
A11: 4515142521178 | B11: CX2412DNDCF-TB | C11: ダンダダンPOPUP クリアファイル ターボババア(招き猫) | D11: DB00 | E11: DBS倉庫 | F11: 143 | G11: 8866
A12: 4515142521185 | B12: CX2412DNDCF-ORH | C12: ダンダダンPOPUP クリアファイル オカルン(変身) | D12: CX01 | E12: CX催事 | F12: 0 | G12: 0
A13: 4515142521185 | B13: CX2412DNDCF-ORH | C13: ダンダダンPOPUP クリアファイル オカルン(変身) | D13: DB00 | E13: DBS倉庫 | F13: 274 | G13: 16988
... A69: 4515142521468 | B69: CX2412DNDVPOS-B | C69: ダンダダンPOPUP ビジュアルポストカード B | D69: DB00 | E69: DBS倉庫 | F69: 31 | G69: 2046

Sheet Filter DS_1
A1: JANコード(EAN/UPC)
A2: WBS 要素
A3: メジャー
A4: サイズ/寸法
A5: サプライヤ SID
A6: プラント
A7: プラント名
A8: ロット SID
A9: 保管場所
A10: 保管場所名
A11: 受注明細
A12: 受注番号
A13: 品目コード | B13: CX2412DNDASTA-AR; CX2412DNDASTA-ARH; CX2412DNDASTA-MM; CX2412DNDASTA-OR; CX2412DNDASTA-ORH; CX2412DNDASTA-SK; CX2412DNDASTA-TB; CX2412DNDCF-AR; CX2412DNDCF-ARH; CX2412DNDCF-MM; CX2412DNDCF-OR; CX2412DNDCF-ORH; CX2412DNDCF-SK; CX2412DNDCF-TB; CX2412DNDRASKEY-6; CX2412DNDRBDG-7; CX2412DNDRBDG-ED6; CX2412DNDRBDG-OP6; CX2412DNDRCCDPOS-6; CX2412DNDSAKEY-AR; CX2412DNDSAKEY-AS; CX2412DNDSAKEY-DD; CX2412DNDSAKEY-GG; CX2412DNDSAKEY-MM; CX2412DNDSAKEY-ORH; CX2412DNDSAKEY-SK; CX2412DNDSAKEY-SS; CX2412DNDSAKEY-TB; CX2412DNDSTK3S-A; CX2412DNDSTK3S-B; CX2412DNDSTK3S-C; CX2412DNDTOTEBAG; CX2412DNDVPOS-A; CX2412DNDVPOS-B
A14: 品目テキスト
A15: 在庫タイプ
A16: 基本数量単位
A17: 得意先 SID
A18: 文書
A19: 文書タイプ
A20: 旧製品番号
A21: 案件名
A22: 案件担当者
A23: 案件番号
A24: 照会通貨
A25: 特殊在庫の追加仕入先
... A28: 通貨

Sheet 倉庫別_CX催事
A1: JANコード(EAN/UPC) | B1: 品目コード | C1: 品目テキスト | D1: 保管場所 | E1: 保管場所名 | F1: 区分 | G1: 在庫数量 | H1: 在庫金額
A2: 4515142521130 | B2: CX2412DNDCF-OR | C2: ダンダダンPOPUP クリアファイル オカルン | D2: CX01 | E2: CX催事 | F2: =IF(COUNTIFS('XTab DS_1'!$B$2:$B$69,$B2)>=2,"重複","単独") | G2: =SUMIFS('XTab DS_1'!$F$2:$F$69,'XTab DS_1'!$B$2:$B$69,$B2,'XTab DS_1'!$D$2:$D$69,$D2) | H2: =SUMIFS('XTab DS_1'!$G$2:$G$69,'XTab DS_1'!$B$2:$B$69,$B2,'XTab DS_1'!$D$2:$D$69,$D2)
A3: 4515142521147 | B3: CX2412DNDCF-MM | C3: ダンダダンPOPUP クリアファイル モモ | D3: CX01 | E3: CX催事 | F3: =IF(COUNTIFS('XTab DS_1'!$B$2:$B$69,$B3)>=2,"重複","単独") | G3: =SUMIFS('XTab DS_1'!$F$2:$F$69,'XTab DS_1'!$B$2:$B$69,$B3,'XTab DS_1'!$D$2:$D$69,$D3) | H3: =SUMIFS('XTab DS_1'!$G$2:$G$69,'XTab DS_1'!$B$2:$B$69,$B3,'XTab DS_1'!$D$2:$D$69,$D3)
A4: 4515142521154 | B4: CX2412DNDCF-SK | C4: ダンダダンPOPUP クリアファイル 星子 | D4: CX01 | E4: CX催事 | F4: =IF(COUNTIFS('XTab DS_1'!$B$2:$B$69,$B4)>=2,"重複","単独") | G4: =SUMIFS('XTab DS_1'!$F$2:$F$69,'XTab DS_1'!$B$2:$B$69,$B4,'XTab DS_1'!$D$2:$D$69,$D4) | H4: =SUMIFS('XTab DS_1'!$G$2:$G$69,'XTab DS_1'!$B$2:$B$69,$B4,'XTab DS_1'!$D$2:$D$69,$D4)
A5: 4515142521161 | B5: CX2412DNDCF-AR | C5: ダンダダンPOPUP クリアファイル アイラ | D5: CX01 | E5: CX催事 | F5: =IF(COUNTIFS('XTab DS_1'!$B$2:$B$69,$B5)>=2,"重複","単独") | G5: =SUMIFS('XTab DS_1'!$F$2:$F$69,'XTab DS_1'!$B$2:$B$69,$B5,'XTab DS_1'!$D$2:$D$69,$D5) | H5: =SUMIFS('XTab DS_1'!$G$2:$G$69,'XTab DS_1'!$B$2:$B$69,$B5,'XTab DS_1'!$D$2:$D$69,$D5)
A6: 4515142521178 | B6: CX2412DNDCF-TB | C6: ダンダダンPOPUP クリアファイル ターボババア(招き猫) | D6: CX01 | E6: CX催事 | F6: =IF(COUNTIFS('XTab DS_1'!$B$2:$B$69,$B6)>=2,"重複","単独") | G6: =SUMIFS('XTab DS_1'!$F$2:$F$69,'XTab DS_1'!$B$2:$B$69,$B6,'XTab DS_1'!$D$2:$D$69,$D6) | H6: =SUMIFS('XTab DS_1'!$G$2:$G$69,'XTab DS_1'!$B$2:$B$69,$B6,'XTab DS_1'!$D$2:$D$69,$D6)
A7: 4515142521185 | B7: CX2412DNDCF-ORH | C7: ダンダダンPOPUP クリアファイル オカルン(変身) | D7: CX01 | E7: CX催事 | F7: =IF(COUNTIFS('XTab DS_1'!$B$2:$B$69,$B7)>=2,"重複","単独") | G7: =SUMIFS('XTab DS_1'!$F$2:$F$69,'XTab DS_1'!$B$2:$B$69,$B7,'XTab DS_1'!$D$2:$D$69,$D7) | H7: =SUMIFS('XTab DS_1'!$G$2:$G$69,'XTab DS_1'!$B$2:$B$69,$B7,'XTab DS_1'!$D$2:$D$69,$D7)
A8: 4515142521192 | B8: CX2412DNDCF-ARH | C8: ダンダダンPOPUP クリアファイル アイラ(変身) | D8: CX01 | E8: CX催事 | F8: =IF(COUNTIFS('XTab DS_1'!$B$2:$B$69,$B8)>=2,"重複","単独") | G8: =SUMIFS('XTab DS_1'!$F$2:$F$69,'XTab DS_1'!$B$2:$B$69,$B8,'XTab DS_1'!$D$2:$D$69,$D8) | H8: =SUMIFS('XTab DS_1'!$G$2:$G$69,'XTab DS_1'!$B$2:$B$69,$B8,'XTab DS_1'!$D$2:$D$69,$D8)
A9: 4515142521208 | B9: CX2412DNDRBDG-7 | C9: ダンダダンPOPUP ランダム缶バッジ 全7種 | D9: CX01 | E9: CX催事 | F9: =IF(COUNTIFS('XTab DS_1'!$B$2:$B$69,$B9)>=2,"重複","単独") | G9: =SUMIFS('XTab DS_1'!$F$2:$F$69,'XTab DS_1'!$B$2:$B$69,$B9,'XTab DS_1'!$D$2:$D$69,$D9) | H9: =SUMIFS('XTab DS_1'!$G$2:$G$69,'XTab DS_1'!$B$2:$B$69,$B9,'XTab DS_1'!$D$2:$D$69,$D9)
A10: 4515142521215 | B10: CX2412DNDASTA-OR | C10: ダンダダンPOPUP アクリルスタンド オカルン | D10: CX01 | E10: CX催事 | F10: =IF(COUNTIFS('XTab DS_1'!$B$2:$B$69,$B10)>=2,"重複","単独") | G10: =SUMIFS('XTab DS_1'!$F$2:$F$69,'XTab DS_1'!$B$2:$B$69,$B10,'XTab DS_1'!$D$2:$D$69,$D10) | H10: =SUMIFS('XTab DS_1'!$G$2:$G$69,'XTab DS_1'!$B$2:$B$69,$B10,'XTab DS_1'!$D$2:$D$69,$D10)
A11: 4515142521222 | B11: CX2412DNDASTA-MM | C11: ダンダダンPOPUP アクリルスタンド モモ | D11: CX01 | E11: CX催事 | F11: =IF(COUNTIFS('XTab DS_1'!$B$2:$B$69,$B11)>=2,"重複","単独") | G11: =SUMIFS('XTab DS_1'!$F$2:$F$69,'XTab DS_1'!$B$2:$B$69,$B11,'XTab DS_1'!$D$2:$D$69,$D11) | H11: =SUMIFS('XTab DS_1'!$G$2:$G$69,'XTab DS_1'!$B$2:$B$69,$B11,'XTab DS_1'!$D$2:$D$69,$D11)
A12: 4515142521239 | B12: CX2412DNDASTA-SK | C12: ダンダダンPOPUP アクリルスタンド 星子 | D12: CX01 | E12: CX催事 | F12: =IF(COUNTIFS('XTab DS_1'!$B$2:$B$69,$B12)>=2,"重複","単独") | G12: =SUMIFS('XTab DS_1'!$F$2:$F$69,'XTab DS_1'!$B$2:$B$69,$B12,'XTab DS_1'!$D$2:$D$69,$D12) | H12: =SUMIFS('XTab DS_1'!$G$2:$G$69,'XTab DS_1'!$B$2:$B$69,$B12,'XTab DS_1'!$D$2:$D$69,$D12)
A13: 4515142521246 | B13: CX2412DNDASTA-AR | C13: ダンダダンPOPUP アクリルスタンド アイラ | D13: CX01 | E13: CX催事 | F13: =IF(COUNTIFS('XTab DS_1'!$B$2:$B$69,$B13)>=2,"重複","単独") | G13: =SUMIFS('XTab DS_1'!$F$2:$F$69,'XTab DS_1'!$B$2:$B$69,$B13,'XTab DS_1'!$D$2:$D$69,$D13) | H13: =SUMIFS('XTab DS_1'!$G$2:$G$69,'XTab DS_1'!$B$2:$B$69,$B13,'XTab DS_1'!$D$2:$D$69,$D13)
... A35: 4515142521468 | B35: CX2412DNDVPOS-B | C35: ダンダダンPOPUP ビジュアルポストカード B | D35: CX01 | E35: CX催事 | F35: =IF(COUNTIFS('XTab DS_1'!$B$2:$B$69,$B35)>=2,"重複","単独") | G35: =SUMIFS('XTab DS_1'!$F$2:$F$69,'XTab DS_1'!$B$2:$B$69,$B35,'XTab DS_1'!$D$2:$D$69,$D35) | H35: =SUMIFS('XTab DS_1'!$G$2:$G$69,'XTab DS_1'!$B$2:$B$69,$B35,'XTab DS_1'!$D$2:$D$69,$D35)
C36: 合計 | G36: =SUM(G2:G35) | H36: =SUM(H2:H35)
C37: うち 重複 | G37: =SUMIFS(G2:G35,F2:F35,"重複") | H37: =SUMIFS(H2:H35,F2:F35,"重複")
C38: うち 単独 | G38: =SUMIFS(G2:G35,F2:F35,"単独") | H38: =SUMIFS(H2:H35,F2:F35,"単独")

Sheet 倉庫別_DBS倉庫
A1: JANコード(EAN/UPC) | B1: 品目コード | C1: 品目テキスト | D1: 保管場所 | E1: 保管場所名 | F1: 区分 | G1: 在庫数量 | H1: 在庫金額
A2: 4515142521130 | B2: CX2412DNDCF-OR | C2: ダンダダンPOPUP クリアファイル オカルン | D2: DB00 | E2: DBS倉庫 | F2: =IF(COUNTIFS('XTab DS_1'!$B$2:$B$69,$B2)>=2,"重複","単独") | G2: =SUMIFS('XTab DS_1'!$F$2:$F$69,'XTab DS_1'!$B$2:$B$69,$B2,'XTab DS_1'!$D$2:$D$69,$D2) | H2: =SUMIFS('XTab DS_1'!$G$2:$G$69,'XTab DS_1'!$B$2:$B$69,$B2,'XTab DS_1'!$D$2:$D$69,$D2)
A3: 4515142521147 | B3: CX2412DNDCF-MM | C3: ダンダダンPOPUP クリアファイル モモ | D3: DB00 | E3: DBS倉庫 | F3: =IF(COUNTIFS('XTab DS_1'!$B$2:$B$69,$B3)>=2,"重複","単独") | G3: =SUMIFS('XTab DS_1'!$F$2:$F$69,'XTab DS_1'!$B$2:$B$69,$B3,'XTab DS_1'!$D$2:$D$69,$D3) | H3: =SUMIFS('XTab DS_1'!$G$2:$G$69,'XTab DS_1'!$B$2:$B$69,$B3,'XTab DS_1'!$D$2:$D$69,$D3)
A4: 4515142521154 | B4: CX2412DNDCF-SK | C4: ダンダダンPOPUP クリアファイル 星子 | D4: DB00 | E4: DBS倉庫 | F4: =IF(COUNTIFS('XTab DS_1'!$B$2:$B$69,$B4)>=2,"重複","単独") | G4: =SUMIFS('XTab DS_1'!$F$2:$F$69,'XTab DS_1'!$B$2:$B$69,$B4,'XTab DS_1'!$D$2:$D$69,$D4) | H4: =SUMIFS('XTab DS_1'!$G$2:$G$69,'XTab DS_1'!$B$2:$B$69,$B4,'XTab DS_1'!$D$2:$D$69,$D4)
A5: 4515142521161 | B5: CX2412DNDCF-AR | C5: ダンダダンPOPUP クリアファイル アイラ | D5: DB00 | E5: DBS倉庫 | F5: =IF(COUNTIFS('XTab DS_1'!$B$2:$B$69,$B5)>=2,"重複","単独") | G5: =SUMIFS('XTab DS_1'!$F$2:$F$69,'XTab DS_1'!$B$2:$B$69,$B5,'XTab DS_1'!$D$2:$D$69,$D5) | H5: =SUMIFS('XTab DS_1'!$G$2:$G$69,'XTab DS_1'!$B$2:$B$69,$B5,'XTab DS_1'!$D$2:$D$69,$D5)
A6: 4515142521178 | B6: CX2412DNDCF-TB | C6: ダンダダンPOPUP クリアファイル ターボババア(招き猫) | D6: DB00 | E6: DBS倉庫 | F6: =IF(COUNTIFS('XTab DS_1'!$B$2:$B$69,$B6)>=2,"重複","単独") | G6: =SUMIFS('XTab DS_1'!$F$2:$F$69,'XTab DS_1'!$B$2:$B$69,$B6,'XTab DS_1'!$D$2:$D$69,$D6) | H6: =SUMIFS('XTab DS_1'!$G$2:$G$69,'XTab DS_1'!$B$2:$B$69,$B6,'XTab DS_1'!$D$2:$D$69,$D6)
A7: 4515142521185 | B7: CX2412DNDCF-ORH | C7: ダンダダンPOPUP クリアファイル オカルン(変身) | D7: DB00 | E7: DBS倉庫 | F7: =IF(COUNTIFS('XTab DS_1'!$B$2:$B$69,$B7)>=2,"重複","単独") | G7: =SUMIFS('XTab DS_1'!$F$2:$F$69,'XTab DS_1'!$B$2:$B$69,$B7,'XTab DS_1'!$D$2:$D$69,$D7) | H7: =SUMIFS('XTab DS_1'!$G$2:$G$69,'XTab DS_1'!$B$2:$B$69,$B7,'XTab DS_1'!$D$2:$D$69,$D7)
A8: 4515142521192 | B8: CX2412DNDCF-ARH | C8: ダンダダンPOPUP クリアファイル アイラ(変身) | D8: DB00 | E8: DBS倉庫 | F8: =IF(COUNTIFS('XTab DS_1'!$B$2:$B$69,$B8)>=2,"重複","単独") | G8: =SUMIFS('XTab DS_1'!$F$2:$F$69,'XTab DS_1'!$B$2:$B$69,$B8,'XTab DS_1'!$D$2:$D$69,$D8) | H8: =SUMIFS('XTab DS_1'!$G$2:$G$69,'XTab DS_1'!$B$2:$B$69,$B8,'XTab DS_1'!$D$2:$D$69,$D8)
A9: 4515142521208 | B9: CX2412DNDRBDG-7 | C9: ダンダダンPOPUP ランダム缶バッジ 全7種 | D9: DB00 | E9: DBS倉庫 | F9: =IF(COUNTIFS('XTab DS_1'!$B$2:$B$69,$B9)>=2,"重複","単独") | G9: =SUMIFS('XTab DS_1'!$F$2:$F$69,'XTab DS_1'!$B$2:$B$69,$B9,'XTab DS_1'!$D$2:$D$69,$D9) | H9: =SUMIFS('XTab DS_1'!$G$2:$G$69,'XTab DS_1'!$B$2:$B$69,$B9,'XTab DS_1'!$D$2:$D$69,$D9)
A10: 4515142521215 | B10: CX2412DNDASTA-OR | C10: ダンダダンPOPUP アクリルスタンド オカルン | D10: DB00 | E10: DBS倉庫 | F10: =IF(COUNTIFS('XTab DS_1'!$B$2:$B$69,$B10)>=2,"重複","単独") | G10: =SUMIFS('XTab DS_1'!$F$2:$F$69,'XTab DS_1'!$B$2:$B$69,$B10,'XTab DS_1'!$D$2:$D$69,$D10) | H10: =SUMIFS('XTab DS_1'!$G$2:$G$69,'XTab DS_1'!$B$2:$B$69,$B10,'XTab DS_1'!$D$2:$D$69,$D10)
A11: 4515142521222 | B11: CX2412DNDASTA-MM | C11: ダンダダンPOPUP アクリルスタンド モモ | D11: DB00 | E11: DBS倉庫 | F11: =IF(COUNTIFS('XTab DS_1'!$B$2:$B$69,$B11)>=2,"重複","単独") | G11: =SUMIFS('XTab DS_1'!$F$2:$F$69,'XTab DS_1'!$B$2:$B$69,$B11,'XTab DS_1'!$D$2:$D$69,$D11) | H11: =SUMIFS('XTab DS_1'!$G$2:$G$69,'XTab DS_1'!$B$2:$B$69,$B11,'XTab DS_1'!$D$2:$D$69,$D11)
A12: 4515142521239 | B12: CX2412DNDASTA-SK | C12: ダンダダンPOPUP アクリルスタンド 星子 | D12: DB00 | E12: DBS倉庫 | F12: =IF(COUNTIFS('XTab DS_1'!$B$2:$B$69,$B12)>=2,"重複","単独") | G12: =SUMIFS('XTab DS_1'!$F$2:$F$69,'XTab DS_1'!$B$2:$B$69,$B12,'XTab DS_1'!$D$2:$D$69,$D12) | H12: =SUMIFS('XTab DS_1'!$G$2:$G$69,'XTab DS_1'!$B$2:$B$69,$B12,'XTab DS_1'!$D$2:$D$69,$D12)
A13: 4515142521246 | B13: CX2412DNDASTA-AR | C13: ダンダダンPOPUP アクリルスタンド アイラ | D13: DB00 | E13: DBS倉庫 | F13: =IF(COUNTIFS('XTab DS_1'!$B$2:$B$69,$B13)>=2,"重複","単独") | G13: =SUMIFS('XTab DS_1'!$F$2:$F$69,'XTab DS_1'!$B$2:$B$69,$B13,'XTab DS_1'!$D$2:$D$69,$D13) | H13: =SUMIFS('XTab DS_1'!$G$2:$G$69,'XTab DS_1'!$B$2:$B$69,$B13,'XTab DS_1'!$D$2:$D$69,$D13)
... A35: 4515142521468 | B35: CX2412DNDVPOS-B | C35: ダンダダンPOPUP ビジュアルポストカード B | D35: DB00 | E35: DBS倉庫 | F35: =IF(COUNTIFS('XTab DS_1'!$B$2:$B$69,$B35)>=2,"重複","単独") | G35: =SUMIFS('XTab DS_1'!$F$2:$F$69,'XTab DS_1'!$B$2:$B$69,$B35,'XTab DS_1'!$D$2:$D$69,$D35) | H35: =SUMIFS('XTab DS_1'!$G$2:$G$69,'XTab DS_1'!$B$2:$B$69,$B35,'XTab DS_1'!$D$2:$D$69,$D35)
C36: 合計 | G36: =SUM(G2:G35) | H36: =SUM(H2:H35)
C37: うち 重複 | G37: =SUMIFS(G2:G35,F2:F35,"重複") | H37: =SUMIFS(H2:H35,F2:F35,"重複")
C38: うち 単独 | G38: =SUMIFS(G2:G35,F2:F35,"単独") | H38: =SUMIFS(H2:H35,F2:F35,"単独")

Sheet 商品別_合算
A1: JANコード(EAN/UPC) | B1: 品目コード | C1: 品目テキスト | D1: 登録倉庫数 | E1: 区分 | F1: CX催事 数量 | G1: CX催事 金額 | H1: DBS倉庫 数量 | I1: DBS倉庫 金額 | J1: 合算 在庫数量 | K1: 合算 在庫金額(原価)
A2: 4515142521130 | B2: CX2412DNDCF-OR | C2: ダンダダンPOPUP クリアファイル オカルン | D2: =COUNTIFS('XTab DS_1'!$B$2:$B$69,$B2) | E2: =IF(D2>=2,"重複","単独") | F2: =SUMIFS('XTab DS_1'!$F$2:$F$69,'XTab DS_1'!$B$2:$B$69,$B2,'XTab DS_1'!$D$2:$D$69,"CX01") | G2: =SUMIFS('XTab DS_1'!$G$2:$G$69,'XTab DS_1'!$B$2:$B$69,$B2,'XTab DS_1'!$D$2:$D$69,"CX01") | H2: =SUMIFS('XTab DS_1'!$F$2:$F$69,'XTab DS_1'!$B$2:$B$69,$B2,'XTab DS_1'!$D$2:$D$69,"DB00") | I2: =SUMIFS('XTab DS_1'!$G$2:$G$69,'XTab DS_1'!$B$2:$B$69,$B2,'XTab DS_1'!$D$2:$D$69,"DB00") | J2: =SUMIFS('XTab DS_1'!$F$2:$F$69,'XTab DS_1'!$B$2:$B$69,$B2) | K2: =SUMIFS('XTab DS_1'!$G$2:$G$69,'XTab DS_1'!$B$2:$B$69,$B2)
A3: 4515142521147 | B3: CX2412DNDCF-MM | C3: ダンダダンPOPUP クリアファイル モモ | D3: =COUNTIFS('XTab DS_1'!$B$2:$B$69,$B3) | E3: =IF(D3>=2,"重複","単独") | F3: =SUMIFS('XTab DS_1'!$F$2:$F$69,'XTab DS_1'!$B$2:$B$69,$B3,'XTab DS_1'!$D$2:$D$69,"CX01") | G3: =SUMIFS('XTab DS_1'!$G$2:$G$69,'XTab DS_1'!$B$2:$B$69,$B3,'XTab DS_1'!$D$2:$D$69,"CX01") | H3: =SUMIFS('XTab DS_1'!$F$2:$F$69,'XTab DS_1'!$B$2:$B$69,$B3,'XTab DS_1'!$D$2:$D$69,"DB00") | I3: =SUMIFS('XTab DS_1'!$G$2:$G$69,'XTab DS_1'!$B$2:$B$69,$B3,'XTab DS_1'!$D$2:$D$69,"DB00") | J3: =SUMIFS('XTab DS_1'!$F$2:$F$69,'XTab DS_1'!$B$2:$B$69,$B3) | K3: =SUMIFS('XTab DS_1'!$G$2:$G$69,'XTab DS_1'!$B$2:$B$69,$B3)
A4: 4515142521154 | B4: CX2412DNDCF-SK | C4: ダンダダンPOPUP クリアファイル 星子 | D4: =COUNTIFS('XTab DS_1'!$B$2:$B$69,$B4) | E4: =IF(D4>=2,"重複","単独") | F4: =SUMIFS('XTab DS_1'!$F$2:$F$69,'XTab DS_1'!$B$2:$B$69,$B4,'XTab DS_1'!$D$2:$D$69,"CX01") | G4: =SUMIFS('XTab DS_1'!$G$2:$G$69,'XTab DS_1'!$B$2:$B$69,$B4,'XTab DS_1'!$D$2:$D$69,"CX01") | H4: =SUMIFS('XTab DS_1'!$F$2:$F$69,'XTab DS_1'!$B$2:$B$69,$B4,'XTab DS_1'!$D$2:$D$69,"DB00") | I4: =SUMIFS('XTab DS_1'!$G$2:$G$69,'XTab DS_1'!$B$2:$B$69,$B4,'XTab DS_1'!$D$2:$D$69,"DB00") | J4: =SUMIFS('XTab DS_1'!$F$2:$F$69,'XTab DS_1'!$B$2:$B$69,$B4) | K4: =SUMIFS('XTab DS_1'!$G$2:$G$69,'XTab DS_1'!$B$2:$B$69,$B4)
A5: 4515142521161 | B5: CX2412DNDCF-AR | C5: ダンダダンPOPUP クリアファイル アイラ | D5: =COUNTIFS('XTab DS_1'!$B$2:$B$69,$B5) | E5: =IF(D5>=2,"重複","単独") | F5: =SUMIFS('XTab DS_1'!$F$2:$F$69,'XTab DS_1'!$B$2:$B$69,$B5,'XTab DS_1'!$D$2:$D$69,"CX01") | G5: =SUMIFS('XTab DS_1'!$G$2:$G$69,'XTab DS_1'!$B$2:$B$69,$B5,'XTab DS_1'!$D$2:$D$69,"CX01") | H5: =SUMIFS('XTab DS_1'!$F$2:$F$69,'XTab DS_1'!$B$2:$B$69,$B5,'XTab DS_1'!$D$2:$D$69,"DB00") | I5: =SUMIFS('XTab DS_1'!$G$2:$G$69,'XTab DS_1'!$B$2:$B$69,$B5,'XTab DS_1'!$D$2:$D$69,"DB00") | J5: =SUMIFS('XTab DS_1'!$F$2:$F$69,'XTab DS_1'!$B$2:$B$69,$B5) | K5: =SUMIFS('XTab DS_1'!$G$2:$G$69,'XTab DS_1'!$B$2:$B$69,$B5)
A6: 4515142521178 | B6: CX2412DNDCF-TB | C6: ダンダダンPOPUP クリアファイル ターボババア(招き猫) | D6: =COUNTIFS('XTab DS_1'!$B$2:$B$69,$B6) | E6: =IF(D6>=2,"重複","単独") | F6: =SUMIFS('XTab DS_1'!$F$2:$F$69,'XTab DS_1'!$B$2:$B$69,$B6,'XTab DS_1'!$D$2:$D$69,"CX01") | G6: =SUMIFS('XTab DS_1'!$G$2:$G$69,'XTab DS_1'!$B$2:$B$69,$B6,'XTab DS_1'!$D$2:$D$69,"CX01") | H6: =SUMIFS('XTab DS_1'!$F$2:$F$69,'XTab DS_1'!$B$2:$B$69,$B6,'XTab DS_1'!$D$2:$D$69,"DB00") | I6: =SUMIFS('XTab DS_1'!$G$2:$G$69,'XTab DS_1'!$B$2:$B$69,$B6,'XTab DS_1'!$D$2:$D$69,"DB00") | J6: =SUMIFS('XTab DS_1'!$F$2:$F$69,'XTab DS_1'!$B$2:$B$69,$B6) | K6: =SUMIFS('XTab DS_1'!$G$2:$G$69,'XTab DS_1'!$B$2:$B$69,$B6)
A7: 4515142521185 | B7: CX2412DNDCF-ORH | C7: ダンダダンPOPUP クリアファイル オカルン(変身) | D7: =COUNTIFS('XTab DS_1'!$B$2:$B$69,$B7) | E7: =IF(D7>=2,"重複","単独") | F7: =SUMIFS('XTab DS_1'!$F$2:$F$69,'XTab DS_1'!$B$2:$B$69,$B7,'XTab DS_1'!$D$2:$D$69,"CX01") | G7: =SUMIFS('XTab DS_1'!$G$2:$G$69,'XTab DS_1'!$B$2:$B$69,$B7,'XTab DS_1'!$D$2:$D$69,"CX01") | H7: =SUMIFS('XTab DS_1'!$F$2:$F$69,'XTab DS_1'!$B$2:$B$69,$B7,'XTab DS_1'!$D$2:$D$69,"DB00") | I7: =SUMIFS('XTab DS_1'!$G$2:$G$69,'XTab DS_1'!$B$2:$B$69,$B7,'XTab DS_1'!$D$2:$D$69,"DB00") | J7: =SUMIFS('XTab DS_1'!$F$2:$F$69,'XTab DS_1'!$B$2:$B$69,$B7) | K7: =SUMIFS('XTab DS_1'!$G$2:$G$69,'XTab DS_1'!$B$2:$B$69,$B7)
A8: 4515142521192 | B8: CX2412DNDCF-ARH | C8: ダンダダンPOPUP クリアファイル アイラ(変身) | D8: =COUNTIFS('XTab DS_1'!$B$2:$B$69,$B8) | E8: =IF(D8>=2,"重複","単独") | F8: =SUMIFS('XTab DS_1'!$F$2:$F$69,'XTab DS_1'!$B$2:$B$69,$B8,'XTab DS_1'!$D$2:$D$69,"CX01") | G8: =SUMIFS('XTab DS_1'!$G$2:$G$69,'XTab DS_1'!$B$2:$B$69,$B8,'XTab DS_1'!$D$2:$D$69,"CX01") | H8: =SUMIFS('XTab DS_1'!$F$2:$F$69,'XTab DS_1'!$B$2:$B$69,$B8,'XTab DS_1'!$D$2:$D$69,"DB00") | I8: =SUMIFS('XTab DS_1'!$G$2:$G$69,'XTab DS_1'!$B$2:$B$69,$B8,'XTab DS_1'!$D$2:$D$69,"DB00") | J8: =SUMIFS('XTab DS_1'!$F$2:$F$69,'XTab DS_1'!$B$2:$B$69,$B8) | K8: =SUMIFS('XTab DS_1'!$G$2:$G$69,'XTab DS_1'!$B$2:$B$69,$B8)
A9: 4515142521208 | B9: CX2412DNDRBDG-7 | C9: ダンダダンPOPUP ランダム缶バッジ 全7種 | D9: =COUNTIFS('XTab DS_1'!$B$2:$B$69,$B9) | E9: =IF(D9>=2,"重複","単独") | F9: =SUMIFS('XTab DS_1'!$F$2:$F$69,'XTab DS_1'!$B$2:$B$69,$B9,'XTab DS_1'!$D$2:$D$69,"CX01") | G9: =SUMIFS('XTab DS_1'!$G$2:$G$69,'XTab DS_1'!$B$2:$B$69,$B9,'XTab DS_1'!$D$2:$D$69,"CX01") | H9: =SUMIFS('XTab DS_1'!$F$2:$F$69,'XTab DS_1'!$B$2:$B$69,$B9,'XTab DS_1'!$D$2:$D$69,"DB00") | I9: =SUMIFS('XTab DS_1'!$G$2:$G$69,'XTab DS_1'!$B$2:$B$69,$B9,'XTab DS_1'!$D$2:$D$69,"DB00") | J9: =SUMIFS('XTab DS_1'!$F$2:$F$69,'XTab DS_1'!$B$2:$B$69,$B9) | K9: =SUMIFS('XTab DS_1'!$G$2:$G$69,'XTab DS_1'!$B$2:$B$69,$B9)
A10: 4515142521215 | B10: CX2412DNDASTA-OR | C10: ダンダダンPOPUP アクリルスタンド オカルン | D10: =COUNTIFS('XTab DS_1'!$B$2:$B$69,$B10) | E10: =IF(D10>=2,"重複","単独") | F10: =SUMIFS('XTab DS_1'!$F$2:$F$69,'XTab DS_1'!$B$2:$B$69,$B10,'XTab DS_1'!$D$2:$D$69,"CX01") | G10: =SUMIFS('XTab DS_1'!$G$2:$G$69,'XTab DS_1'!$B$2:$B$69,$B10,'XTab DS_1'!$D$2:$D$69,"CX01") | H10: =SUMIFS('XTab DS_1'!$F$2:$F$69,'XTab DS_1'!$B$2:$B$69,$B10,'XTab DS_1'!$D$2:$D$69,"DB00") | I10: =SUMIFS('XTab DS_1'!$G$2:$G$69,'XTab DS_1'!$B$2:$B$69,$B10,'XTab DS_1'!$D$2:$D$69,"DB00") | J10: =SUMIFS('XTab DS_1'!$F$2:$F$69,'XTab DS_1'!$B$2:$B$69,$B10) | K10: =SUMIFS('XTab DS_1'!$G$2:$G$69,'XTab DS_1'!$B$2:$B$69,$B10)
A11: 4515142521222 | B11: CX2412DNDASTA-MM | C11: ダンダダンPOPUP アクリルスタンド モモ | D11: =COUNTIFS('XTab DS_1'!$B$2:$B$69,$B11) | E11: =IF(D11>=2,"重複","単独") | F11: =SUMIFS('XTab DS_1'!$F$2:$F$69,'XTab DS_1'!$B$2:$B$69,$B11,'XTab DS_1'!$D$2:$D$69,"CX01") | G11: =SUMIFS('XTab DS_1'!$G$2:$G$69,'XTab DS_1'!$B$2:$B$69,$B11,'XTab DS_1'!$D$2:$D$69,"CX01") | H11: =SUMIFS('XTab DS_1'!$F$2:$F$69,'XTab DS_1'!$B$2:$B$69,$B11,'XTab DS_1'!$D$2:$D$69,"DB00") | I11: =SUMIFS('XTab DS_1'!$G$2:$G$69,'XTab DS_1'!$B$2:$B$69,$B11,'XTab DS_1'!$D$2:$D$69,"DB00") | J11: =SUMIFS('XTab DS_1'!$F$2:$F$69,'XTab DS_1'!$B$2:$B$69,$B11) | K11: =SUMIFS('XTab DS_1'!$G$2:$G$69,'XTab DS_1'!$B$2:$B$69,$B11)
A12: 4515142521239 | B12: CX2412DNDASTA-SK | C12: ダンダダンPOPUP アクリルスタンド 星子 | D12: =COUNTIFS('XTab DS_1'!$B$2:$B$69,$B12) | E12: =IF(D12>=2,"重複","単独") | F12: =SUMIFS('XTab DS_1'!$F$2:$F$69,'XTab DS_1'!$B$2:$B$69,$B12,'XTab DS_1'!$D$2:$D$69,"CX01") | G12: =SUMIFS('XTab DS_1'!$G$2:$G$69,'XTab DS_1'!$B$2:$B$69,$B12,'XTab DS_1'!$D$2:$D$69,"CX01") | H12: =SUMIFS('XTab DS_1'!$F$2:$F$69,'XTab DS_1'!$B$2:$B$69,$B12,'XTab DS_1'!$D$2:$D$69,"DB00") | I12: =SUMIFS('XTab DS_1'!$G$2:$G$69,'XTab DS_1'!$B$2:$B$69,$B12,'XTab DS_1'!$D$2:$D$69,"DB00") | J12: =SUMIFS('XTab DS_1'!$F$2:$F$69,'XTab DS_1'!$B$2:$B$69,$B12) | K12: =SUMIFS('XTab DS_1'!$G$2:$G$69,'XTab DS_1'!$B$2:$B$69,$B12)
A13: 4515142521246 | B13: CX2412DNDASTA-AR | C13: ダンダダンPOPUP アクリルスタンド アイラ | D13: =COUNTIFS('XTab DS_1'!$B$2:$B$69,$B13) | E13: =IF(D13>=2,"重複","単独") | F13: =SUMIFS('XTab DS_1'!$F$2:$F$69,'XTab DS_1'!$B$2:$B$69,$B13,'XTab DS_1'!$D$2:$D$69,"CX01") | G13: =SUMIFS('XTab DS_1'!$G$2:$G$69,'XTab DS_1'!$B$2:$B$69,$B13,'XTab DS_1'!$D$2:$D$69,"CX01") | H13: =SUMIFS('XTab DS_1'!$F$2:$F$69,'XTab DS_1'!$B$2:$B$69,$B13,'XTab DS_1'!$D$2:$D$69,"DB00") | I13: =SUMIFS('XTab DS_1'!$G$2:$G$69,'XTab DS_1'!$B$2:$B$69,$B13,'XTab DS_1'!$D$2:$D$69,"DB00") | J13: =SUMIFS('XTab DS_1'!$F$2:$F$69,'XTab DS_1'!$B$2:$B$69,$B13) | K13: =SUMIFS('XTab DS_1'!$G$2:$G$69,'XTab DS_1'!$B$2:$B$69,$B13)
... A35: 4515142521468 | B35: CX2412DNDVPOS-B | C35: ダンダダンPOPUP ビジュアルポストカード B | D35: =COUNTIFS('XTab DS_1'!$B$2:$B$69,$B35) | E35: =IF(D35>=2,"重複","単独") | F35: =SUMIFS('XTab DS_1'!$F$2:$F$69,'XTab DS_1'!$B$2:$B$69,$B35,'XTab DS_1'!$D$2:$D$69,"CX01") | G35: =SUMIFS('XTab DS_1'!$G$2:$G$69,'XTab DS_1'!$B$2:$B$69,$B35,'XTab DS_1'!$D$2:$D$69,"CX01") | H35: =SUMIFS('XTab DS_1'!$F$2:$F$69,'XTab DS_1'!$B$2:$B$69,$B35,'XTab DS_1'!$D$2:$D$69,"DB00") | I35: =SUMIFS('XTab DS_1'!$G$2:$G$69,'XTab DS_1'!$B$2:$B$69,$B35,'XTab DS_1'!$D$2:$D$69,"DB00") | J35: =SUMIFS('XTab DS_1'!$F$2:$F$69,'XTab DS_1'!$B$2:$B$69,$B35) | K35: =SUMIFS('XTab DS_1'!$G$2:$G$69,'XTab DS_1'!$B$2:$B$69,$B35)
C36: 合計 | F36: =SUM(F2:F35) | G36: =SUM(G2:G35) | H36: =SUM(H2:H35) | I36: =SUM(I2:I35) | J36: =SUM(J2:J35) | K36: =SUM(K2:K35)
C37: うち 重複 | F37: =SUMIFS(F2:F35,E2:E35,"重複") | G37: =SUMIFS(G2:G35,E2:E35,"重複") | H37: =SUMIFS(H2:H35,E2:E35,"重複") | I37: =SUMIFS(I2:I35,E2:E35,"重複") | J37: =SUMIFS(J2:J35,E2:E35,"重複") | K37: =SUMIFS(K2:K35,E2:E35,"重複")
C38: うち 単独 | F38: =SUMIFS(F2:F35,E2:E35,"単独") | G38: =SUMIFS(G2:G35,E2:E35,"単独") | H38: =SUMIFS(H2:H35,E2:E35,"単独") | I38: =SUMIFS(I2:I35,E2:E35,"単独") | J38: =SUMIFS(J2:J35,E2:E35,"単独") | K38: =SUMIFS(K2:K35,E2:E35,"単独")
A40: ※元データ「XTab DS_1」の全品目を掲載。2つ以上の倉庫(保管場所)に登録されている品目を「重複」（黄色）、1倉庫のみを「単独」と表示。数量・金額はSUMIFSで元データから集計（元データ変更で自動再計算）。
