Workbook

Sheet XTab DS_1
A1: JANコード(EAN/UPC) | B1: 品目コード | C1: 品目テキスト | D1: 保管場所 | E1: 保管場所名 | F1: 在庫数量 | G1: 在庫金額
A2: 4515142519946 | B2: CX2412FRNPRBDG-23 | C2: 葬送のフリーレンP 原画ランダム缶バッジ 全23種 | D2: CX01 | E2: CX催事 | F2: 0 | G2: 0
A3: 4515142519946 | B3: CX2412FRNPRBDG-23 | C3: 葬送のフリーレンP 原画ランダム缶バッジ 全23種 | D3: DB00 | E3: DBS倉庫 | F3: 0 | G3: 0
A4: 4515142519953 | B4: CX2412FRNPRAKEY-20 | C4: 葬送のフリーレンP 原画ランダムアクリルキーホルダー 全20種 | D4: CX01 | E4: CX催事 | F4: 0 | G4: 0
A5: 4515142519953 | B5: CX2412FRNPRAKEY-20 | C5: 葬送のフリーレンP 原画ランダムアクリルキーホルダー 全20種 | D5: DB00 | E5: DBS倉庫 | F5: 0 | G5: 0
A6: 4515142519960 | B6: CX2412FRNPA4CF-FRI | C6: 葬送のフリーレンP A4クリアファイル (フリーレン) | D6: CX01 | E6: CX催事 | F6: 0 | G6: 0
A7: 4515142519960 | B7: CX2412FRNPA4CF-FRI | C7: 葬送のフリーレンP A4クリアファイル (フリーレン) | D7: DB00 | E7: DBS倉庫 | F7: 0 | G7: 0
A8: 4515142519977 | B8: CX2412FRNPA4CF-FR | C8: 葬送のフリーレンP A4クリアファイル (フェルン) | D8: CX01 | E8: CX催事 | F8: 0 | G8: 0
A9: 4515142519977 | B9: CX2412FRNPA4CF-FR | C9: 葬送のフリーレンP A4クリアファイル (フェルン) | D9: DB00 | E9: DBS倉庫 | F9: 0 | G9: 0
A10: 4515142519984 | B10: CX2412FRNPA4CF-ST | C10: 葬送のフリーレンP A4クリアファイル (シュタルク) | D10: CX01 | E10: CX催事 | F10: 0 | G10: 0
A11: 4515142519984 | B11: CX2412FRNPA4CF-ST | C11: 葬送のフリーレンP A4クリアファイル (シュタルク) | D11: DB00 | E11: DBS倉庫 | F11: 0 | G11: 0
A12: 4515142519991 | B12: CX2412FRNPASTA-FRI | C12: 葬送のフリーレンP アクリルスタンド (フリーレン) | D12: CX01 | E12: CX催事 | F12: 0 | G12: 0
A13: 4515142519991 | B13: CX2412FRNPASTA-FRI | C13: 葬送のフリーレンP アクリルスタンド (フリーレン) | D13: DB00 | E13: DBS倉庫 | F13: 0 | G13: 0
... A106: # | B106: QCX2412FRNPTFN-10 | C106: 葬送のフリーレンP 経費（課税10％） | D106: CX01 | E106: CX催事 | F106: 0 | G106: 0

Sheet Filter DS_1
A1: JANコード(EAN/UPC)
A2: WBS 要素
A3: メジャー
A4: サイズ/寸法
A5: サプライヤ SID
A6: プラント
A7: プラント名
A8: ロット SID
A9: 保管場所
A10: 保管場所名
A11: 受注明細
A12: 受注番号
A13: 品目コード | B13: CX2412DNDASTA-AR; CX2412DNDASTA-ARH; CX2412DNDASTA-MM; CX2412DNDASTA-OR; CX2412DNDASTA-ORH; CX2412DNDASTA-SK; CX2412DNDASTA-TB; CX2412DNDCF-AR; CX2412DNDCF-ARH; CX2412DNDCF-MM; CX2412DNDCF-OR; CX2412DNDCF-ORH; CX2412DNDCF-SK; CX2412DNDCF-TB; CX2412DNDRASKEY-6; CX2412DNDRBDG-7; CX2412DNDRBDG-ED6; CX2412DNDRBDG-OP6; CX2412DNDRCCDPOS-6; CX2412DNDSAKEY-AR; CX2412DNDSAKEY-AS; CX2412DNDSAKEY-DD; CX2412DNDSAKEY-GG; CX2412DNDSAKEY-MM; CX2412DNDSAKEY-ORH; CX2412DNDSAKEY-SK; CX2412DNDSAKEY-SS; CX2412DNDSAKEY-TB; CX2412DNDSTK3S-A; CX2412DNDSTK3S-B; CX2412DNDSTK3S-C; CX2412DNDTOTEBAG; CX2412DNDVPOS-A; CX2412DNDVPOS-B; CX2412FRNPA4CF-FR; CX2412FRNPA4CF-FRI; CX2412FRNPA4CF-ST; CX2412FRNPASTA-FR; CX2412FRNPASTA-FRI; CX2412FRNPASTA-ST; CX2412FRNPBDG-FR; CX2412FRNPBDG-FRI; CX2412FRNPBDG-ST; CX2412FRNPPKEY-FR; CX2412FRNPPKEY-FRI; CX2412FRNPPKEY-ST; CX2412FRNPPOSSET; CX2412FRNPRAKEY-20; CX2412FRNPRBDG-23; CX2412FRNPRMNOTE-6; CX2412FRNPRPKEY-7; CX2412FRNPTAG; QCX2412FRNPTFN-10
A14: 品目テキスト
A15: 在庫タイプ
A16: 基本数量単位
A17: 得意先 SID
A18: 文書
A19: 文書タイプ
A20: 旧製品番号
A21: 案件名
A22: 案件担当者
A23: 案件番号
A24: 照会通貨
A25: 特殊在庫の追加仕入先
... A28: 通貨

Sheet 重複_CX催事
A1: JANコード(EAN/UPC) | B1: 品目コード | C1: 品目テキスト | D1: 保管場所 | E1: 保管場所名 | F1: 在庫数量 | G1: 在庫金額
A2: 4515142519946 | B2: CX2412FRNPRBDG-23 | C2: 葬送のフリーレンP 原画ランダム缶バッジ 全23種 | D2: CX01 | E2: CX催事 | F2: =SUMIFS('XTab DS_1'!$F$2:$F$106,'XTab DS_1'!$B$2:$B$106,$B2,'XTab DS_1'!$D$2:$D$106,$D2) | G2: =SUMIFS('XTab DS_1'!$G$2:$G$106,'XTab DS_1'!$B$2:$B$106,$B2,'XTab DS_1'!$D$2:$D$106,$D2)
A3: 4515142519953 | B3: CX2412FRNPRAKEY-20 | C3: 葬送のフリーレンP 原画ランダムアクリルキーホルダー 全20種 | D3: CX01 | E3: CX催事 | F3: =SUMIFS('XTab DS_1'!$F$2:$F$106,'XTab DS_1'!$B$2:$B$106,$B3,'XTab DS_1'!$D$2:$D$106,$D3) | G3: =SUMIFS('XTab DS_1'!$G$2:$G$106,'XTab DS_1'!$B$2:$B$106,$B3,'XTab DS_1'!$D$2:$D$106,$D3)
A4: 4515142519960 | B4: CX2412FRNPA4CF-FRI | C4: 葬送のフリーレンP A4クリアファイル (フリーレン) | D4: CX01 | E4: CX催事 | F4: =SUMIFS('XTab DS_1'!$F$2:$F$106,'XTab DS_1'!$B$2:$B$106,$B4,'XTab DS_1'!$D$2:$D$106,$D4) | G4: =SUMIFS('XTab DS_1'!$G$2:$G$106,'XTab DS_1'!$B$2:$B$106,$B4,'XTab DS_1'!$D$2:$D$106,$D4)
A5: 4515142519977 | B5: CX2412FRNPA4CF-FR | C5: 葬送のフリーレンP A4クリアファイル (フェルン) | D5: CX01 | E5: CX催事 | F5: =SUMIFS('XTab DS_1'!$F$2:$F$106,'XTab DS_1'!$B$2:$B$106,$B5,'XTab DS_1'!$D$2:$D$106,$D5) | G5: =SUMIFS('XTab DS_1'!$G$2:$G$106,'XTab DS_1'!$B$2:$B$106,$B5,'XTab DS_1'!$D$2:$D$106,$D5)
A6: 4515142519984 | B6: CX2412FRNPA4CF-ST | C6: 葬送のフリーレンP A4クリアファイル (シュタルク) | D6: CX01 | E6: CX催事 | F6: =SUMIFS('XTab DS_1'!$F$2:$F$106,'XTab DS_1'!$B$2:$B$106,$B6,'XTab DS_1'!$D$2:$D$106,$D6) | G6: =SUMIFS('XTab DS_1'!$G$2:$G$106,'XTab DS_1'!$B$2:$B$106,$B6,'XTab DS_1'!$D$2:$D$106,$D6)
A7: 4515142519991 | B7: CX2412FRNPASTA-FRI | C7: 葬送のフリーレンP アクリルスタンド (フリーレン) | D7: CX01 | E7: CX催事 | F7: =SUMIFS('XTab DS_1'!$F$2:$F$106,'XTab DS_1'!$B$2:$B$106,$B7,'XTab DS_1'!$D$2:$D$106,$D7) | G7: =SUMIFS('XTab DS_1'!$G$2:$G$106,'XTab DS_1'!$B$2:$B$106,$B7,'XTab DS_1'!$D$2:$D$106,$D7)
A8: 4515142520010 | B8: CX2412FRNPASTA-FR | C8: 葬送のフリーレンP アクリルスタンド (フェルン) | D8: CX01 | E8: CX催事 | F8: =SUMIFS('XTab DS_1'!$F$2:$F$106,'XTab DS_1'!$B$2:$B$106,$B8,'XTab DS_1'!$D$2:$D$106,$D8) | G8: =SUMIFS('XTab DS_1'!$G$2:$G$106,'XTab DS_1'!$B$2:$B$106,$B8,'XTab DS_1'!$D$2:$D$106,$D8)
A9: 4515142520027 | B9: CX2412FRNPASTA-ST | C9: 葬送のフリーレンP アクリルスタンド (シュタルク) | D9: CX01 | E9: CX催事 | F9: =SUMIFS('XTab DS_1'!$F$2:$F$106,'XTab DS_1'!$B$2:$B$106,$B9,'XTab DS_1'!$D$2:$D$106,$D9) | G9: =SUMIFS('XTab DS_1'!$G$2:$G$106,'XTab DS_1'!$B$2:$B$106,$B9,'XTab DS_1'!$D$2:$D$106,$D9)
A10: 4515142520034 | B10: CX2412FRNPBDG-FRI | C10: 葬送のフリーレンP 缶バッジ (フリーレン) | D10: CX01 | E10: CX催事 | F10: =SUMIFS('XTab DS_1'!$F$2:$F$106,'XTab DS_1'!$B$2:$B$106,$B10,'XTab DS_1'!$D$2:$D$106,$D10) | G10: =SUMIFS('XTab DS_1'!$G$2:$G$106,'XTab DS_1'!$B$2:$B$106,$B10,'XTab DS_1'!$D$2:$D$106,$D10)
A11: 4515142520041 | B11: CX2412FRNPBDG-ST | C11: 葬送のフリーレンP 缶バッジ (シュタルク) | D11: CX01 | E11: CX催事 | F11: =SUMIFS('XTab DS_1'!$F$2:$F$106,'XTab DS_1'!$B$2:$B$106,$B11,'XTab DS_1'!$D$2:$D$106,$D11) | G11: =SUMIFS('XTab DS_1'!$G$2:$G$106,'XTab DS_1'!$B$2:$B$106,$B11,'XTab DS_1'!$D$2:$D$106,$D11)
A12: 4515142520058 | B12: CX2412FRNPBDG-FR | C12: 葬送のフリーレンP 缶バッジ (フェルン) | D12: CX01 | E12: CX催事 | F12: =SUMIFS('XTab DS_1'!$F$2:$F$106,'XTab DS_1'!$B$2:$B$106,$B12,'XTab DS_1'!$D$2:$D$106,$D12) | G12: =SUMIFS('XTab DS_1'!$G$2:$G$106,'XTab DS_1'!$B$2:$B$106,$B12,'XTab DS_1'!$D$2:$D$106,$D12)
A13: 4515142520065 | B13: CX2412FRNPPKEY-FRI | C13: 葬送のフリーレンP フォトフレームキーホルダー (フリーレン) | D13: CX01 | E13: CX催事 | F13: =SUMIFS('XTab DS_1'!$F$2:$F$106,'XTab DS_1'!$B$2:$B$106,$B13,'XTab DS_1'!$D$2:$D$106,$D13) | G13: =SUMIFS('XTab DS_1'!$G$2:$G$106,'XTab DS_1'!$B$2:$B$106,$B13,'XTab DS_1'!$D$2:$D$106,$D13)
... A53: 4515142521468 | B53: CX2412DNDVPOS-B | C53: ダンダダンPOPUP ビジュアルポストカード B | D53: CX01 | E53: CX催事 | F53: =SUMIFS('XTab DS_1'!$F$2:$F$106,'XTab DS_1'!$B$2:$B$106,$B53,'XTab DS_1'!$D$2:$D$106,$D53) | G53: =SUMIFS('XTab DS_1'!$G$2:$G$106,'XTab DS_1'!$B$2:$B$106,$B53,'XTab DS_1'!$D$2:$D$106,$D53)
C54: 合計 | F54: =SUM(F2:F53) | G54: =SUM(G2:G53)

Sheet 重複_DBS倉庫
A1: JANコード(EAN/UPC) | B1: 品目コード | C1: 品目テキスト | D1: 保管場所 | E1: 保管場所名 | F1: 在庫数量 | G1: 在庫金額
A2: 4515142519946 | B2: CX2412FRNPRBDG-23 | C2: 葬送のフリーレンP 原画ランダム缶バッジ 全23種 | D2: DB00 | E2: DBS倉庫 | F2: =SUMIFS('XTab DS_1'!$F$2:$F$106,'XTab DS_1'!$B$2:$B$106,$B2,'XTab DS_1'!$D$2:$D$106,$D2) | G2: =SUMIFS('XTab DS_1'!$G$2:$G$106,'XTab DS_1'!$B$2:$B$106,$B2,'XTab DS_1'!$D$2:$D$106,$D2)
A3: 4515142519953 | B3: CX2412FRNPRAKEY-20 | C3: 葬送のフリーレンP 原画ランダムアクリルキーホルダー 全20種 | D3: DB00 | E3: DBS倉庫 | F3: =SUMIFS('XTab DS_1'!$F$2:$F$106,'XTab DS_1'!$B$2:$B$106,$B3,'XTab DS_1'!$D$2:$D$106,$D3) | G3: =SUMIFS('XTab DS_1'!$G$2:$G$106,'XTab DS_1'!$B$2:$B$106,$B3,'XTab DS_1'!$D$2:$D$106,$D3)
A4: 4515142519960 | B4: CX2412FRNPA4CF-FRI | C4: 葬送のフリーレンP A4クリアファイル (フリーレン) | D4: DB00 | E4: DBS倉庫 | F4: =SUMIFS('XTab DS_1'!$F$2:$F$106,'XTab DS_1'!$B$2:$B$106,$B4,'XTab DS_1'!$D$2:$D$106,$D4) | G4: =SUMIFS('XTab DS_1'!$G$2:$G$106,'XTab DS_1'!$B$2:$B$106,$B4,'XTab DS_1'!$D$2:$D$106,$D4)
A5: 4515142519977 | B5: CX2412FRNPA4CF-FR | C5: 葬送のフリーレンP A4クリアファイル (フェルン) | D5: DB00 | E5: DBS倉庫 | F5: =SUMIFS('XTab DS_1'!$F$2:$F$106,'XTab DS_1'!$B$2:$B$106,$B5,'XTab DS_1'!$D$2:$D$106,$D5) | G5: =SUMIFS('XTab DS_1'!$G$2:$G$106,'XTab DS_1'!$B$2:$B$106,$B5,'XTab DS_1'!$D$2:$D$106,$D5)
A6: 4515142519984 | B6: CX2412FRNPA4CF-ST | C6: 葬送のフリーレンP A4クリアファイル (シュタルク) | D6: DB00 | E6: DBS倉庫 | F6: =SUMIFS('XTab DS_1'!$F$2:$F$106,'XTab DS_1'!$B$2:$B$106,$B6,'XTab DS_1'!$D$2:$D$106,$D6) | G6: =SUMIFS('XTab DS_1'!$G$2:$G$106,'XTab DS_1'!$B$2:$B$106,$B6,'XTab DS_1'!$D$2:$D$106,$D6)
A7: 4515142519991 | B7: CX2412FRNPASTA-FRI | C7: 葬送のフリーレンP アクリルスタンド (フリーレン) | D7: DB00 | E7: DBS倉庫 | F7: =SUMIFS('XTab DS_1'!$F$2:$F$106,'XTab DS_1'!$B$2:$B$106,$B7,'XTab DS_1'!$D$2:$D$106,$D7) | G7: =SUMIFS('XTab DS_1'!$G$2:$G$106,'XTab DS_1'!$B$2:$B$106,$B7,'XTab DS_1'!$D$2:$D$106,$D7)
A8: 4515142520010 | B8: CX2412FRNPASTA-FR | C8: 葬送のフリーレンP アクリルスタンド (フェルン) | D8: DB00 | E8: DBS倉庫 | F8: =SUMIFS('XTab DS_1'!$F$2:$F$106,'XTab DS_1'!$B$2:$B$106,$B8,'XTab DS_1'!$D$2:$D$106,$D8) | G8: =SUMIFS('XTab DS_1'!$G$2:$G$106,'XTab DS_1'!$B$2:$B$106,$B8,'XTab DS_1'!$D$2:$D$106,$D8)
A9: 4515142520027 | B9: CX2412FRNPASTA-ST | C9: 葬送のフリーレンP アクリルスタンド (シュタルク) | D9: DB00 | E9: DBS倉庫 | F9: =SUMIFS('XTab DS_1'!$F$2:$F$106,'XTab DS_1'!$B$2:$B$106,$B9,'XTab DS_1'!$D$2:$D$106,$D9) | G9: =SUMIFS('XTab DS_1'!$G$2:$G$106,'XTab DS_1'!$B$2:$B$106,$B9,'XTab DS_1'!$D$2:$D$106,$D9)
A10: 4515142520034 | B10: CX2412FRNPBDG-FRI | C10: 葬送のフリーレンP 缶バッジ (フリーレン) | D10: DB00 | E10: DBS倉庫 | F10: =SUMIFS('XTab DS_1'!$F$2:$F$106,'XTab DS_1'!$B$2:$B$106,$B10,'XTab DS_1'!$D$2:$D$106,$D10) | G10: =SUMIFS('XTab DS_1'!$G$2:$G$106,'XTab DS_1'!$B$2:$B$106,$B10,'XTab DS_1'!$D$2:$D$106,$D10)
A11: 4515142520041 | B11: CX2412FRNPBDG-ST | C11: 葬送のフリーレンP 缶バッジ (シュタルク) | D11: DB00 | E11: DBS倉庫 | F11: =SUMIFS('XTab DS_1'!$F$2:$F$106,'XTab DS_1'!$B$2:$B$106,$B11,'XTab DS_1'!$D$2:$D$106,$D11) | G11: =SUMIFS('XTab DS_1'!$G$2:$G$106,'XTab DS_1'!$B$2:$B$106,$B11,'XTab DS_1'!$D$2:$D$106,$D11)
A12: 4515142520058 | B12: CX2412FRNPBDG-FR | C12: 葬送のフリーレンP 缶バッジ (フェルン) | D12: DB00 | E12: DBS倉庫 | F12: =SUMIFS('XTab DS_1'!$F$2:$F$106,'XTab DS_1'!$B$2:$B$106,$B12,'XTab DS_1'!$D$2:$D$106,$D12) | G12: =SUMIFS('XTab DS_1'!$G$2:$G$106,'XTab DS_1'!$B$2:$B$106,$B12,'XTab DS_1'!$D$2:$D$106,$D12)
A13: 4515142520065 | B13: CX2412FRNPPKEY-FRI | C13: 葬送のフリーレンP フォトフレームキーホルダー (フリーレン) | D13: DB00 | E13: DBS倉庫 | F13: =SUMIFS('XTab DS_1'!$F$2:$F$106,'XTab DS_1'!$B$2:$B$106,$B13,'XTab DS_1'!$D$2:$D$106,$D13) | G13: =SUMIFS('XTab DS_1'!$G$2:$G$106,'XTab DS_1'!$B$2:$B$106,$B13,'XTab DS_1'!$D$2:$D$106,$D13)
... A53: 4515142521468 | B53: CX2412DNDVPOS-B | C53: ダンダダンPOPUP ビジュアルポストカード B | D53: DB00 | E53: DBS倉庫 | F53: =SUMIFS('XTab DS_1'!$F$2:$F$106,'XTab DS_1'!$B$2:$B$106,$B53,'XTab DS_1'!$D$2:$D$106,$D53) | G53: =SUMIFS('XTab DS_1'!$G$2:$G$106,'XTab DS_1'!$B$2:$B$106,$B53,'XTab DS_1'!$D$2:$D$106,$D53)
C54: 合計 | F54: =SUM(F2:F53) | G54: =SUM(G2:G53)

Sheet 重複商品_合算
A1: JANコード(EAN/UPC) | B1: 品目コード | C1: 品目テキスト | D1: 重複倉庫数 | E1: CX催事 数量 | F1: CX催事 金額 | G1: DBS倉庫 数量 | H1: DBS倉庫 金額 | I1: 合算 在庫数量 | J1: 合算 在庫金額(原価)
A2: 4515142519946 | B2: CX2412FRNPRBDG-23 | C2: 葬送のフリーレンP 原画ランダム缶バッジ 全23種 | D2: =COUNTIFS('XTab DS_1'!$B$2:$B$106,$B2) | E2: =SUMIFS('XTab DS_1'!$F$2:$F$106,'XTab DS_1'!$B$2:$B$106,$B2,'XTab DS_1'!$D$2:$D$106,"CX01") | F2: =SUMIFS('XTab DS_1'!$G$2:$G$106,'XTab DS_1'!$B$2:$B$106,$B2,'XTab DS_1'!$D$2:$D$106,"CX01") | G2: =SUMIFS('XTab DS_1'!$F$2:$F$106,'XTab DS_1'!$B$2:$B$106,$B2,'XTab DS_1'!$D$2:$D$106,"DB00") | H2: =SUMIFS('XTab DS_1'!$G$2:$G$106,'XTab DS_1'!$B$2:$B$106,$B2,'XTab DS_1'!$D$2:$D$106,"DB00") | I2: =SUMIFS('XTab DS_1'!$F$2:$F$106,'XTab DS_1'!$B$2:$B$106,$B2) | J2: =SUMIFS('XTab DS_1'!$G$2:$G$106,'XTab DS_1'!$B$2:$B$106,$B2)
A3: 4515142519953 | B3: CX2412FRNPRAKEY-20 | C3: 葬送のフリーレンP 原画ランダムアクリルキーホルダー 全20種 | D3: =COUNTIFS('XTab DS_1'!$B$2:$B$106,$B3) | E3: =SUMIFS('XTab DS_1'!$F$2:$F$106,'XTab DS_1'!$B$2:$B$106,$B3,'XTab DS_1'!$D$2:$D$106,"CX01") | F3: =SUMIFS('XTab DS_1'!$G$2:$G$106,'XTab DS_1'!$B$2:$B$106,$B3,'XTab DS_1'!$D$2:$D$106,"CX01") | G3: =SUMIFS('XTab DS_1'!$F$2:$F$106,'XTab DS_1'!$B$2:$B$106,$B3,'XTab DS_1'!$D$2:$D$106,"DB00") | H3: =SUMIFS('XTab DS_1'!$G$2:$G$106,'XTab DS_1'!$B$2:$B$106,$B3,'XTab DS_1'!$D$2:$D$106,"DB00") | I3: =SUMIFS('XTab DS_1'!$F$2:$F$106,'XTab DS_1'!$B$2:$B$106,$B3) | J3: =SUMIFS('XTab DS_1'!$G$2:$G$106,'XTab DS_1'!$B$2:$B$106,$B3)
A4: 4515142519960 | B4: CX2412FRNPA4CF-FRI | C4: 葬送のフリーレンP A4クリアファイル (フリーレン) | D4: =COUNTIFS('XTab DS_1'!$B$2:$B$106,$B4) | E4: =SUMIFS('XTab DS_1'!$F$2:$F$106,'XTab DS_1'!$B$2:$B$106,$B4,'XTab DS_1'!$D$2:$D$106,"CX01") | F4: =SUMIFS('XTab DS_1'!$G$2:$G$106,'XTab DS_1'!$B$2:$B$106,$B4,'XTab DS_1'!$D$2:$D$106,"CX01") | G4: =SUMIFS('XTab DS_1'!$F$2:$F$106,'XTab DS_1'!$B$2:$B$106,$B4,'XTab DS_1'!$D$2:$D$106,"DB00") | H4: =SUMIFS('XTab DS_1'!$G$2:$G$106,'XTab DS_1'!$B$2:$B$106,$B4,'XTab DS_1'!$D$2:$D$106,"DB00") | I4: =SUMIFS('XTab DS_1'!$F$2:$F$106,'XTab DS_1'!$B$2:$B$106,$B4) | J4: =SUMIFS('XTab DS_1'!$G$2:$G$106,'XTab DS_1'!$B$2:$B$106,$B4)
A5: 4515142519977 | B5: CX2412FRNPA4CF-FR | C5: 葬送のフリーレンP A4クリアファイル (フェルン) | D5: =COUNTIFS('XTab DS_1'!$B$2:$B$106,$B5) | E5: =SUMIFS('XTab DS_1'!$F$2:$F$106,'XTab DS_1'!$B$2:$B$106,$B5,'XTab DS_1'!$D$2:$D$106,"CX01") | F5: =SUMIFS('XTab DS_1'!$G$2:$G$106,'XTab DS_1'!$B$2:$B$106,$B5,'XTab DS_1'!$D$2:$D$106,"CX01") | G5: =SUMIFS('XTab DS_1'!$F$2:$F$106,'XTab DS_1'!$B$2:$B$106,$B5,'XTab DS_1'!$D$2:$D$106,"DB00") | H5: =SUMIFS('XTab DS_1'!$G$2:$G$106,'XTab DS_1'!$B$2:$B$106,$B5,'XTab DS_1'!$D$2:$D$106,"DB00") | I5: =SUMIFS('XTab DS_1'!$F$2:$F$106,'XTab DS_1'!$B$2:$B$106,$B5) | J5: =SUMIFS('XTab DS_1'!$G$2:$G$106,'XTab DS_1'!$B$2:$B$106,$B5)
A6: 4515142519984 | B6: CX2412FRNPA4CF-ST | C6: 葬送のフリーレンP A4クリアファイル (シュタルク) | D6: =COUNTIFS('XTab DS_1'!$B$2:$B$106,$B6) | E6: =SUMIFS('XTab DS_1'!$F$2:$F$106,'XTab DS_1'!$B$2:$B$106,$B6,'XTab DS_1'!$D$2:$D$106,"CX01") | F6: =SUMIFS('XTab DS_1'!$G$2:$G$106,'XTab DS_1'!$B$2:$B$106,$B6,'XTab DS_1'!$D$2:$D$106,"CX01") | G6: =SUMIFS('XTab DS_1'!$F$2:$F$106,'XTab DS_1'!$B$2:$B$106,$B6,'XTab DS_1'!$D$2:$D$106,"DB00") | H6: =SUMIFS('XTab DS_1'!$G$2:$G$106,'XTab DS_1'!$B$2:$B$106,$B6,'XTab DS_1'!$D$2:$D$106,"DB00") | I6: =SUMIFS('XTab DS_1'!$F$2:$F$106,'XTab DS_1'!$B$2:$B$106,$B6) | J6: =SUMIFS('XTab DS_1'!$G$2:$G$106,'XTab DS_1'!$B$2:$B$106,$B6)
A7: 4515142519991 | B7: CX2412FRNPASTA-FRI | C7: 葬送のフリーレンP アクリルスタンド (フリーレン) | D7: =COUNTIFS('XTab DS_1'!$B$2:$B$106,$B7) | E7: =SUMIFS('XTab DS_1'!$F$2:$F$106,'XTab DS_1'!$B$2:$B$106,$B7,'XTab DS_1'!$D$2:$D$106,"CX01") | F7: =SUMIFS('XTab DS_1'!$G$2:$G$106,'XTab DS_1'!$B$2:$B$106,$B7,'XTab DS_1'!$D$2:$D$106,"CX01") | G7: =SUMIFS('XTab DS_1'!$F$2:$F$106,'XTab DS_1'!$B$2:$B$106,$B7,'XTab DS_1'!$D$2:$D$106,"DB00") | H7: =SUMIFS('XTab DS_1'!$G$2:$G$106,'XTab DS_1'!$B$2:$B$106,$B7,'XTab DS_1'!$D$2:$D$106,"DB00") | I7: =SUMIFS('XTab DS_1'!$F$2:$F$106,'XTab DS_1'!$B$2:$B$106,$B7) | J7: =SUMIFS('XTab DS_1'!$G$2:$G$106,'XTab DS_1'!$B$2:$B$106,$B7)
A8: 4515142520010 | B8: CX2412FRNPASTA-FR | C8: 葬送のフリーレンP アクリルスタンド (フェルン) | D8: =COUNTIFS('XTab DS_1'!$B$2:$B$106,$B8) | E8: =SUMIFS('XTab DS_1'!$F$2:$F$106,'XTab DS_1'!$B$2:$B$106,$B8,'XTab DS_1'!$D$2:$D$106,"CX01") | F8: =SUMIFS('XTab DS_1'!$G$2:$G$106,'XTab DS_1'!$B$2:$B$106,$B8,'XTab DS_1'!$D$2:$D$106,"CX01") | G8: =SUMIFS('XTab DS_1'!$F$2:$F$106,'XTab DS_1'!$B$2:$B$106,$B8,'XTab DS_1'!$D$2:$D$106,"DB00") | H8: =SUMIFS('XTab DS_1'!$G$2:$G$106,'XTab DS_1'!$B$2:$B$106,$B8,'XTab DS_1'!$D$2:$D$106,"DB00") | I8: =SUMIFS('XTab DS_1'!$F$2:$F$106,'XTab DS_1'!$B$2:$B$106,$B8) | J8: =SUMIFS('XTab DS_1'!$G$2:$G$106,'XTab DS_1'!$B$2:$B$106,$B8)
A9: 4515142520027 | B9: CX2412FRNPASTA-ST | C9: 葬送のフリーレンP アクリルスタンド (シュタルク) | D9: =COUNTIFS('XTab DS_1'!$B$2:$B$106,$B9) | E9: =SUMIFS('XTab DS_1'!$F$2:$F$106,'XTab DS_1'!$B$2:$B$106,$B9,'XTab DS_1'!$D$2:$D$106,"CX01") | F9: =SUMIFS('XTab DS_1'!$G$2:$G$106,'XTab DS_1'!$B$2:$B$106,$B9,'XTab DS_1'!$D$2:$D$106,"CX01") | G9: =SUMIFS('XTab DS_1'!$F$2:$F$106,'XTab DS_1'!$B$2:$B$106,$B9,'XTab DS_1'!$D$2:$D$106,"DB00") | H9: =SUMIFS('XTab DS_1'!$G$2:$G$106,'XTab DS_1'!$B$2:$B$106,$B9,'XTab DS_1'!$D$2:$D$106,"DB00") | I9: =SUMIFS('XTab DS_1'!$F$2:$F$106,'XTab DS_1'!$B$2:$B$106,$B9) | J9: =SUMIFS('XTab DS_1'!$G$2:$G$106,'XTab DS_1'!$B$2:$B$106,$B9)
A10: 4515142520034 | B10: CX2412FRNPBDG-FRI | C10: 葬送のフリーレンP 缶バッジ (フリーレン) | D10: =COUNTIFS('XTab DS_1'!$B$2:$B$106,$B10) | E10: =SUMIFS('XTab DS_1'!$F$2:$F$106,'XTab DS_1'!$B$2:$B$106,$B10,'XTab DS_1'!$D$2:$D$106,"CX01") | F10: =SUMIFS('XTab DS_1'!$G$2:$G$106,'XTab DS_1'!$B$2:$B$106,$B10,'XTab DS_1'!$D$2:$D$106,"CX01") | G10: =SUMIFS('XTab DS_1'!$F$2:$F$106,'XTab DS_1'!$B$2:$B$106,$B10,'XTab DS_1'!$D$2:$D$106,"DB00") | H10: =SUMIFS('XTab DS_1'!$G$2:$G$106,'XTab DS_1'!$B$2:$B$106,$B10,'XTab DS_1'!$D$2:$D$106,"DB00") | I10: =SUMIFS('XTab DS_1'!$F$2:$F$106,'XTab DS_1'!$B$2:$B$106,$B10) | J10: =SUMIFS('XTab DS_1'!$G$2:$G$106,'XTab DS_1'!$B$2:$B$106,$B10)
A11: 4515142520041 | B11: CX2412FRNPBDG-ST | C11: 葬送のフリーレンP 缶バッジ (シュタルク) | D11: =COUNTIFS('XTab DS_1'!$B$2:$B$106,$B11) | E11: =SUMIFS('XTab DS_1'!$F$2:$F$106,'XTab DS_1'!$B$2:$B$106,$B11,'XTab DS_1'!$D$2:$D$106,"CX01") | F11: =SUMIFS('XTab DS_1'!$G$2:$G$106,'XTab DS_1'!$B$2:$B$106,$B11,'XTab DS_1'!$D$2:$D$106,"CX01") | G11: =SUMIFS('XTab DS_1'!$F$2:$F$106,'XTab DS_1'!$B$2:$B$106,$B11,'XTab DS_1'!$D$2:$D$106,"DB00") | H11: =SUMIFS('XTab DS_1'!$G$2:$G$106,'XTab DS_1'!$B$2:$B$106,$B11,'XTab DS_1'!$D$2:$D$106,"DB00") | I11: =SUMIFS('XTab DS_1'!$F$2:$F$106,'XTab DS_1'!$B$2:$B$106,$B11) | J11: =SUMIFS('XTab DS_1'!$G$2:$G$106,'XTab DS_1'!$B$2:$B$106,$B11)
A12: 4515142520058 | B12: CX2412FRNPBDG-FR | C12: 葬送のフリーレンP 缶バッジ (フェルン) | D12: =COUNTIFS('XTab DS_1'!$B$2:$B$106,$B12) | E12: =SUMIFS('XTab DS_1'!$F$2:$F$106,'XTab DS_1'!$B$2:$B$106,$B12,'XTab DS_1'!$D$2:$D$106,"CX01") | F12: =SUMIFS('XTab DS_1'!$G$2:$G$106,'XTab DS_1'!$B$2:$B$106,$B12,'XTab DS_1'!$D$2:$D$106,"CX01") | G12: =SUMIFS('XTab DS_1'!$F$2:$F$106,'XTab DS_1'!$B$2:$B$106,$B12,'XTab DS_1'!$D$2:$D$106,"DB00") | H12: =SUMIFS('XTab DS_1'!$G$2:$G$106,'XTab DS_1'!$B$2:$B$106,$B12,'XTab DS_1'!$D$2:$D$106,"DB00") | I12: =SUMIFS('XTab DS_1'!$F$2:$F$106,'XTab DS_1'!$B$2:$B$106,$B12) | J12: =SUMIFS('XTab DS_1'!$G$2:$G$106,'XTab DS_1'!$B$2:$B$106,$B12)
A13: 4515142520065 | B13: CX2412FRNPPKEY-FRI | C13: 葬送のフリーレンP フォトフレームキーホルダー (フリーレン) | D13: =COUNTIFS('XTab DS_1'!$B$2:$B$106,$B13) | E13: =SUMIFS('XTab DS_1'!$F$2:$F$106,'XTab DS_1'!$B$2:$B$106,$B13,'XTab DS_1'!$D$2:$D$106,"CX01") | F13: =SUMIFS('XTab DS_1'!$G$2:$G$106,'XTab DS_1'!$B$2:$B$106,$B13,'XTab DS_1'!$D$2:$D$106,"CX01") | G13: =SUMIFS('XTab DS_1'!$F$2:$F$106,'XTab DS_1'!$B$2:$B$106,$B13,'XTab DS_1'!$D$2:$D$106,"DB00") | H13: =SUMIFS('XTab DS_1'!$G$2:$G$106,'XTab DS_1'!$B$2:$B$106,$B13,'XTab DS_1'!$D$2:$D$106,"DB00") | I13: =SUMIFS('XTab DS_1'!$F$2:$F$106,'XTab DS_1'!$B$2:$B$106,$B13) | J13: =SUMIFS('XTab DS_1'!$G$2:$G$106,'XTab DS_1'!$B$2:$B$106,$B13)
... A53: 4515142521468 | B53: CX2412DNDVPOS-B | C53: ダンダダンPOPUP ビジュアルポストカード B | D53: =COUNTIFS('XTab DS_1'!$B$2:$B$106,$B53) | E53: =SUMIFS('XTab DS_1'!$F$2:$F$106,'XTab DS_1'!$B$2:$B$106,$B53,'XTab DS_1'!$D$2:$D$106,"CX01") | F53: =SUMIFS('XTab DS_1'!$G$2:$G$106,'XTab DS_1'!$B$2:$B$106,$B53,'XTab DS_1'!$D$2:$D$106,"CX01") | G53: =SUMIFS('XTab DS_1'!$F$2:$F$106,'XTab DS_1'!$B$2:$B$106,$B53,'XTab DS_1'!$D$2:$D$106,"DB00") | H53: =SUMIFS('XTab DS_1'!$G$2:$G$106,'XTab DS_1'!$B$2:$B$106,$B53,'XTab DS_1'!$D$2:$D$106,"DB00") | I53: =SUMIFS('XTab DS_1'!$F$2:$F$106,'XTab DS_1'!$B$2:$B$106,$B53) | J53: =SUMIFS('XTab DS_1'!$G$2:$G$106,'XTab DS_1'!$B$2:$B$106,$B53)
C54: 合計 | E54: =SUM(E2:E53) | F54: =SUM(F2:F53) | G54: =SUM(G2:G53) | H54: =SUM(H2:H53) | I54: =SUM(I2:I53) | J54: =SUM(J2:J53)
A56: ※元データ「XTab DS_1」から、2つ以上の倉庫(保管場所)に登録されている品目コードを抽出。数量・金額はSUMIFSで元データから集計（元データ変更で自動再計算）。
