Workbook

Sheet 払出後在庫一覧
A1: 払出後在庫一覧（払出元：CX催事 CX01）
A2: 元データ：e9045bdf-excel_2.xlsx 払出リスト：41品目・合計 7,295
A3: 払出はCX催事の在庫からのみ差し引く。払出後の残数が0は問題なし、マイナスのみ「不足」。
A5: JANコード(EAN/UPC) | B5: 品目コード | C5: 品目テキスト | D5: CX催事 払出前 | E5: 払出数 | F5: CX催事 払出後 | G5: DBS倉庫 | H5: その他 | I5: 合算 払出前 | J5: 合算 払出後 | K5: 判定
A6: 4515142545082 | B6: CX2509JKSMPOSCKV | C6: 呪術廻戦展 懐玉玉折 渋谷事変 メタリックポストカード 展示会KV | D6: =SUMIFS('XTab DS_1'!$F$2:$F$95,'XTab DS_1'!$B$2:$B$95,$B6,'XTab DS_1'!$D$2:$D$95,"CX01") | E6: =SUMIFS(払出リスト!$C$2:$C$42,払出リスト!$A$2:$A$42,$B6) | F6: =D6-E6 | G6: =SUMIFS('XTab DS_1'!$F$2:$F$95,'XTab DS_1'!$B$2:$B$95,$B6,'XTab DS_1'!$D$2:$D$95,"DB00") | H6: =SUMIFS('XTab DS_1'!$F$2:$F$95,'XTab DS_1'!$B$2:$B$95,$B6,'XTab DS_1'!$D$2:$D$95,"ZZ01") | I6: =SUMIFS('XTab DS_1'!$F$2:$F$95,'XTab DS_1'!$B$2:$B$95,$B6) | J6: =F6+G6+H6 | K6: =IF(E6=0,"-",IF(F6<0,"不足","OK"))
A7: 4515142545099 | B7: CX2509JKSCFKV | C7: 呪術廻戦展 懐玉玉折 渋谷事変 クリアファイル 展示会KV | D7: =SUMIFS('XTab DS_1'!$F$2:$F$95,'XTab DS_1'!$B$2:$B$95,$B7,'XTab DS_1'!$D$2:$D$95,"CX01") | E7: =SUMIFS(払出リスト!$C$2:$C$42,払出リスト!$A$2:$A$42,$B7) | F7: =D7-E7 | G7: =SUMIFS('XTab DS_1'!$F$2:$F$95,'XTab DS_1'!$B$2:$B$95,$B7,'XTab DS_1'!$D$2:$D$95,"DB00") | H7: =SUMIFS('XTab DS_1'!$F$2:$F$95,'XTab DS_1'!$B$2:$B$95,$B7,'XTab DS_1'!$D$2:$D$95,"ZZ01") | I7: =SUMIFS('XTab DS_1'!$F$2:$F$95,'XTab DS_1'!$B$2:$B$95,$B7) | J7: =F7+G7+H7 | K7: =IF(E7=0,"-",IF(F7<0,"不足","OK"))
A8: 4515142545105 | B8: CX2509JKSPOSC-KG5 | C8: 呪術廻戦展 懐玉玉折 ポストカードセット（5枚入） | D8: =SUMIFS('XTab DS_1'!$F$2:$F$95,'XTab DS_1'!$B$2:$B$95,$B8,'XTab DS_1'!$D$2:$D$95,"CX01") | E8: =SUMIFS(払出リスト!$C$2:$C$42,払出リスト!$A$2:$A$42,$B8) | F8: =D8-E8 | G8: =SUMIFS('XTab DS_1'!$F$2:$F$95,'XTab DS_1'!$B$2:$B$95,$B8,'XTab DS_1'!$D$2:$D$95,"DB00") | H8: =SUMIFS('XTab DS_1'!$F$2:$F$95,'XTab DS_1'!$B$2:$B$95,$B8,'XTab DS_1'!$D$2:$D$95,"ZZ01") | I8: =SUMIFS('XTab DS_1'!$F$2:$F$95,'XTab DS_1'!$B$2:$B$95,$B8) | J8: =F8+G8+H8 | K8: =IF(E8=0,"-",IF(F8<0,"不足","OK"))
A9: 4515142545112 | B9: CX2509JKSPOSC-SJ9 | C9: 呪術廻戦展 渋谷事変 ポストカードセット（9枚入） | D9: =SUMIFS('XTab DS_1'!$F$2:$F$95,'XTab DS_1'!$B$2:$B$95,$B9,'XTab DS_1'!$D$2:$D$95,"CX01") | E9: =SUMIFS(払出リスト!$C$2:$C$42,払出リスト!$A$2:$A$42,$B9) | F9: =D9-E9 | G9: =SUMIFS('XTab DS_1'!$F$2:$F$95,'XTab DS_1'!$B$2:$B$95,$B9,'XTab DS_1'!$D$2:$D$95,"DB00") | H9: =SUMIFS('XTab DS_1'!$F$2:$F$95,'XTab DS_1'!$B$2:$B$95,$B9,'XTab DS_1'!$D$2:$D$95,"ZZ01") | I9: =SUMIFS('XTab DS_1'!$F$2:$F$95,'XTab DS_1'!$B$2:$B$95,$B9) | J9: =F9+G9+H9 | K9: =IF(E9=0,"-",IF(F9<0,"不足","OK"))
A10: 4515142545129 | B10: CX2509JKSBBDG-KG5 | C10: 呪術廻戦展 懐玉玉折 ブラインド缶バッジ（全5種） | D10: =SUMIFS('XTab DS_1'!$F$2:$F$95,'XTab DS_1'!$B$2:$B$95,$B10,'XTab DS_1'!$D$2:$D$95,"CX01") | E10: =SUMIFS(払出リスト!$C$2:$C$42,払出リスト!$A$2:$A$42,$B10) | F10: =D10-E10 | G10: =SUMIFS('XTab DS_1'!$F$2:$F$95,'XTab DS_1'!$B$2:$B$95,$B10,'XTab DS_1'!$D$2:$D$95,"DB00") | H10: =SUMIFS('XTab DS_1'!$F$2:$F$95,'XTab DS_1'!$B$2:$B$95,$B10,'XTab DS_1'!$D$2:$D$95,"ZZ01") | I10: =SUMIFS('XTab DS_1'!$F$2:$F$95,'XTab DS_1'!$B$2:$B$95,$B10) | J10: =F10+G10+H10 | K10: =IF(E10=0,"-",IF(F10<0,"不足","OK"))
A11: 4515142545136 | B11: CX2509JKSBBDG-SJ9 | C11: 呪術廻戦展 渋谷事変 ブラインド缶バッジ（全9種） | D11: =SUMIFS('XTab DS_1'!$F$2:$F$95,'XTab DS_1'!$B$2:$B$95,$B11,'XTab DS_1'!$D$2:$D$95,"CX01") | E11: =SUMIFS(払出リスト!$C$2:$C$42,払出リスト!$A$2:$A$42,$B11) | F11: =D11-E11 | G11: =SUMIFS('XTab DS_1'!$F$2:$F$95,'XTab DS_1'!$B$2:$B$95,$B11,'XTab DS_1'!$D$2:$D$95,"DB00") | H11: =SUMIFS('XTab DS_1'!$F$2:$F$95,'XTab DS_1'!$B$2:$B$95,$B11,'XTab DS_1'!$D$2:$D$95,"ZZ01") | I11: =SUMIFS('XTab DS_1'!$F$2:$F$95,'XTab DS_1'!$B$2:$B$95,$B11) | J11: =F11+G11+H11 | K11: =IF(E11=0,"-",IF(F11<0,"不足","OK"))
A12: 4515142545143 | B12: CX2509JKSBSTK-KG5 | C12: 呪術廻戦展 懐玉玉折 ブラインドダイカットステッカー（全5種） | D12: =SUMIFS('XTab DS_1'!$F$2:$F$95,'XTab DS_1'!$B$2:$B$95,$B12,'XTab DS_1'!$D$2:$D$95,"CX01") | E12: =SUMIFS(払出リスト!$C$2:$C$42,払出リスト!$A$2:$A$42,$B12) | F12: =D12-E12 | G12: =SUMIFS('XTab DS_1'!$F$2:$F$95,'XTab DS_1'!$B$2:$B$95,$B12,'XTab DS_1'!$D$2:$D$95,"DB00") | H12: =SUMIFS('XTab DS_1'!$F$2:$F$95,'XTab DS_1'!$B$2:$B$95,$B12,'XTab DS_1'!$D$2:$D$95,"ZZ01") | I12: =SUMIFS('XTab DS_1'!$F$2:$F$95,'XTab DS_1'!$B$2:$B$95,$B12) | J12: =F12+G12+H12 | K12: =IF(E12=0,"-",IF(F12<0,"不足","OK"))
A13: 4515142545150 | B13: CX2509JKSBSTK-SJ9 | C13: 呪術廻戦展 渋谷事変 ブラインドダイカットステッカー（全9種） | D13: =SUMIFS('XTab DS_1'!$F$2:$F$95,'XTab DS_1'!$B$2:$B$95,$B13,'XTab DS_1'!$D$2:$D$95,"CX01") | E13: =SUMIFS(払出リスト!$C$2:$C$42,払出リスト!$A$2:$A$42,$B13) | F13: =D13-E13 | G13: =SUMIFS('XTab DS_1'!$F$2:$F$95,'XTab DS_1'!$B$2:$B$95,$B13,'XTab DS_1'!$D$2:$D$95,"DB00") | H13: =SUMIFS('XTab DS_1'!$F$2:$F$95,'XTab DS_1'!$B$2:$B$95,$B13,'XTab DS_1'!$D$2:$D$95,"ZZ01") | I13: =SUMIFS('XTab DS_1'!$F$2:$F$95,'XTab DS_1'!$B$2:$B$95,$B13) | J13: =F13+G13+H13 | K13: =IF(E13=0,"-",IF(F13<0,"不足","OK"))
A14: 4515142545174 | B14: CX2509JKSBMCPA-KG5 | C14: 呪術廻戦展 懐玉玉折 ブラインドミニ色紙（全5種） | D14: =SUMIFS('XTab DS_1'!$F$2:$F$95,'XTab DS_1'!$B$2:$B$95,$B14,'XTab DS_1'!$D$2:$D$95,"CX01") | E14: =SUMIFS(払出リスト!$C$2:$C$42,払出リスト!$A$2:$A$42,$B14) | F14: =D14-E14 | G14: =SUMIFS('XTab DS_1'!$F$2:$F$95,'XTab DS_1'!$B$2:$B$95,$B14,'XTab DS_1'!$D$2:$D$95,"DB00") | H14: =SUMIFS('XTab DS_1'!$F$2:$F$95,'XTab DS_1'!$B$2:$B$95,$B14,'XTab DS_1'!$D$2:$D$95,"ZZ01") | I14: =SUMIFS('XTab DS_1'!$F$2:$F$95,'XTab DS_1'!$B$2:$B$95,$B14) | J14: =F14+G14+H14 | K14: =IF(E14=0,"-",IF(F14<0,"不足","OK"))
A15: 4515142545181 | B15: CX2509JKSBMCPA-SJ5 | C15: 呪術廻戦展 渋谷事変 ブラインドミニ色紙（全5種） | D15: =SUMIFS('XTab DS_1'!$F$2:$F$95,'XTab DS_1'!$B$2:$B$95,$B15,'XTab DS_1'!$D$2:$D$95,"CX01") | E15: =SUMIFS(払出リスト!$C$2:$C$42,払出リスト!$A$2:$A$42,$B15) | F15: =D15-E15 | G15: =SUMIFS('XTab DS_1'!$F$2:$F$95,'XTab DS_1'!$B$2:$B$95,$B15,'XTab DS_1'!$D$2:$D$95,"DB00") | H15: =SUMIFS('XTab DS_1'!$F$2:$F$95,'XTab DS_1'!$B$2:$B$95,$B15,'XTab DS_1'!$D$2:$D$95,"ZZ01") | I15: =SUMIFS('XTab DS_1'!$F$2:$F$95,'XTab DS_1'!$B$2:$B$95,$B15) | J15: =F15+G15+H15 | K15: =IF(E15=0,"-",IF(F15<0,"不足","OK"))
A16: 4515142545198 | B16: CX2509JKSGOBTBALL | C16: 呪術廻戦展 懐玉玉折 渋谷事変 虚式 ? バスボール | D16: =SUMIFS('XTab DS_1'!$F$2:$F$95,'XTab DS_1'!$B$2:$B$95,$B16,'XTab DS_1'!$D$2:$D$95,"CX01") | E16: =SUMIFS(払出リスト!$C$2:$C$42,払出リスト!$A$2:$A$42,$B16) | F16: =D16-E16 | G16: =SUMIFS('XTab DS_1'!$F$2:$F$95,'XTab DS_1'!$B$2:$B$95,$B16,'XTab DS_1'!$D$2:$D$95,"DB00") | H16: =SUMIFS('XTab DS_1'!$F$2:$F$95,'XTab DS_1'!$B$2:$B$95,$B16,'XTab DS_1'!$D$2:$D$95,"ZZ01") | I16: =SUMIFS('XTab DS_1'!$F$2:$F$95,'XTab DS_1'!$B$2:$B$95,$B16) | J16: =F16+G16+H16 | K16: =IF(E16=0,"-",IF(F16<0,"不足","OK"))
A17: 4515142545204 | B17: CX2509JKSGEHAIRBD | C17: 呪術廻戦展 懐玉玉折 渋谷事変 前髪ヘアバンド | D17: =SUMIFS('XTab DS_1'!$F$2:$F$95,'XTab DS_1'!$B$2:$B$95,$B17,'XTab DS_1'!$D$2:$D$95,"CX01") | E17: =SUMIFS(払出リスト!$C$2:$C$42,払出リスト!$A$2:$A$42,$B17) | F17: =D17-E17 | G17: =SUMIFS('XTab DS_1'!$F$2:$F$95,'XTab DS_1'!$B$2:$B$95,$B17,'XTab DS_1'!$D$2:$D$95,"DB00") | H17: =SUMIFS('XTab DS_1'!$F$2:$F$95,'XTab DS_1'!$B$2:$B$95,$B17,'XTab DS_1'!$D$2:$D$95,"ZZ01") | I17: =SUMIFS('XTab DS_1'!$F$2:$F$95,'XTab DS_1'!$B$2:$B$95,$B17) | J17: =F17+G17+H17 | K17: =IF(E17=0,"-",IF(F17<0,"不足","OK"))
... A47: 4515142545501 | B47: CX2509JKSCF-SJSK | C47: 呪術廻戦展 渋谷事変 クリアファイル（宿儺） | D47: =SUMIFS('XTab DS_1'!$F$2:$F$95,'XTab DS_1'!$B$2:$B$95,$B47,'XTab DS_1'!$D$2:$D$95,"CX01") | E47: =SUMIFS(払出リスト!$C$2:$C$42,払出リスト!$A$2:$A$42,$B47) | F47: =D47-E47 | G47: =SUMIFS('XTab DS_1'!$F$2:$F$95,'XTab DS_1'!$B$2:$B$95,$B47,'XTab DS_1'!$D$2:$D$95,"DB00") | H47: =SUMIFS('XTab DS_1'!$F$2:$F$95,'XTab DS_1'!$B$2:$B$95,$B47,'XTab DS_1'!$D$2:$D$95,"ZZ01") | I47: =SUMIFS('XTab DS_1'!$F$2:$F$95,'XTab DS_1'!$B$2:$B$95,$B47) | J47: =F47+G47+H47 | K47: =IF(E47=0,"-",IF(F47<0,"不足","OK"))
A48: # | B48: CX2509JKSDTPCHCLP2 | C48: 呪術廻戦展 懐玉玉折 渋谷事変 脱兎クリップのみ(1SET 5個) | D48: =SUMIFS('XTab DS_1'!$F$2:$F$95,'XTab DS_1'!$B$2:$B$95,$B48,'XTab DS_1'!$D$2:$D$95,"CX01") | E48: =SUMIFS(払出リスト!$C$2:$C$42,払出リスト!$A$2:$A$42,$B48) | F48: =D48-E48 | G48: =SUMIFS('XTab DS_1'!$F$2:$F$95,'XTab DS_1'!$B$2:$B$95,$B48,'XTab DS_1'!$D$2:$D$95,"DB00") | H48: =SUMIFS('XTab DS_1'!$F$2:$F$95,'XTab DS_1'!$B$2:$B$95,$B48,'XTab DS_1'!$D$2:$D$95,"ZZ01") | I48: =SUMIFS('XTab DS_1'!$F$2:$F$95,'XTab DS_1'!$B$2:$B$95,$B48) | J48: =F48+G48+H48 | K48: =IF(E48=0,"-",IF(F48<0,"不足","OK"))
A49: # | B49: QCX2509JKS2FN-10 | C49: 呪術廻戦展 懐玉玉折 渋谷事変 経費（課税10％） | D49: =SUMIFS('XTab DS_1'!$F$2:$F$95,'XTab DS_1'!$B$2:$B$95,$B49,'XTab DS_1'!$D$2:$D$95,"CX01") | E49: =SUMIFS(払出リスト!$C$2:$C$42,払出リスト!$A$2:$A$42,$B49) | F49: =D49-E49 | G49: =SUMIFS('XTab DS_1'!$F$2:$F$95,'XTab DS_1'!$B$2:$B$95,$B49,'XTab DS_1'!$D$2:$D$95,"DB00") | H49: =SUMIFS('XTab DS_1'!$F$2:$F$95,'XTab DS_1'!$B$2:$B$95,$B49,'XTab DS_1'!$D$2:$D$95,"ZZ01") | I49: =SUMIFS('XTab DS_1'!$F$2:$F$95,'XTab DS_1'!$B$2:$B$95,$B49) | J49: =F49+G49+H49 | K49: =IF(E49=0,"-",IF(F49<0,"不足","OK"))
A50: # | B50: QCX2509JKS2FN-8 | C50: 呪術廻戦展 懐玉玉折 渋谷事変 経費（課税8％） | D50: =SUMIFS('XTab DS_1'!$F$2:$F$95,'XTab DS_1'!$B$2:$B$95,$B50,'XTab DS_1'!$D$2:$D$95,"CX01") | E50: =SUMIFS(払出リスト!$C$2:$C$42,払出リスト!$A$2:$A$42,$B50) | F50: =D50-E50 | G50: =SUMIFS('XTab DS_1'!$F$2:$F$95,'XTab DS_1'!$B$2:$B$95,$B50,'XTab DS_1'!$D$2:$D$95,"DB00") | H50: =SUMIFS('XTab DS_1'!$F$2:$F$95,'XTab DS_1'!$B$2:$B$95,$B50,'XTab DS_1'!$D$2:$D$95,"ZZ01") | I50: =SUMIFS('XTab DS_1'!$F$2:$F$95,'XTab DS_1'!$B$2:$B$95,$B50) | J50: =F50+G50+H50 | K50: =IF(E50=0,"-",IF(F50<0,"不足","OK"))
A51: # | B51: QCX2509JKS2FN-NT | C51: 呪術廻戦展 懐玉玉折 渋谷事変 経費（非課税） | D51: =SUMIFS('XTab DS_1'!$F$2:$F$95,'XTab DS_1'!$B$2:$B$95,$B51,'XTab DS_1'!$D$2:$D$95,"CX01") | E51: =SUMIFS(払出リスト!$C$2:$C$42,払出リスト!$A$2:$A$42,$B51) | F51: =D51-E51 | G51: =SUMIFS('XTab DS_1'!$F$2:$F$95,'XTab DS_1'!$B$2:$B$95,$B51,'XTab DS_1'!$D$2:$D$95,"DB00") | H51: =SUMIFS('XTab DS_1'!$F$2:$F$95,'XTab DS_1'!$B$2:$B$95,$B51,'XTab DS_1'!$D$2:$D$95,"ZZ01") | I51: =SUMIFS('XTab DS_1'!$F$2:$F$95,'XTab DS_1'!$B$2:$B$95,$B51) | J51: =F51+G51+H51 | K51: =IF(E51=0,"-",IF(F51<0,"不足","OK"))
A52: # | B52: QCX2509JKS2FN-RY | C52: 呪術廻戦展 懐玉玉折 渋谷事変 経費（RY） | D52: =SUMIFS('XTab DS_1'!$F$2:$F$95,'XTab DS_1'!$B$2:$B$95,$B52,'XTab DS_1'!$D$2:$D$95,"CX01") | E52: =SUMIFS(払出リスト!$C$2:$C$42,払出リスト!$A$2:$A$42,$B52) | F52: =D52-E52 | G52: =SUMIFS('XTab DS_1'!$F$2:$F$95,'XTab DS_1'!$B$2:$B$95,$B52,'XTab DS_1'!$D$2:$D$95,"DB00") | H52: =SUMIFS('XTab DS_1'!$F$2:$F$95,'XTab DS_1'!$B$2:$B$95,$B52,'XTab DS_1'!$D$2:$D$95,"ZZ01") | I52: =SUMIFS('XTab DS_1'!$F$2:$F$95,'XTab DS_1'!$B$2:$B$95,$B52) | J52: =F52+G52+H52 | K52: =IF(E52=0,"-",IF(F52<0,"不足","OK"))
C53: 合計 | D53: =SUM(D6:D52) | E53: =SUM(E6:E52) | F53: =SUM(F6:F52) | G53: =SUM(G6:G52) | H53: =SUM(H6:H52) | I53: =SUM(I6:I52) | J53: =SUM(J6:J52)
B55: 払出対象の品目数 | C55: =COUNTIF(K6:K52,"<>-")
B56: 不足（マイナス）品目数 | C56: =COUNTIF(K6:K52,"不足")
B57: 払出後にCX催事が0になる品目数 | C57: =COUNTIFS(E6:E52,">0",F6:F52,0)
B58: 払出リストの合計（照合用） | C58: =払出リスト!C43

Sheet XTab DS_1
A1: JANコード(EAN/UPC) | B1: 品目コード | C1: 品目テキスト | D1: 保管場所 | E1: 保管場所名 | F1: 在庫数量 | G1: 在庫金額
A2: 4515142545082 | B2: CX2509JKSMPOSCKV | C2: 呪術廻戦展 懐玉玉折 渋谷事変 メタリックポストカード 展示会KV | D2: CX01 | E2: CX催事 | F2: 989 | G2: 89999
A3: 4515142545082 | B3: CX2509JKSMPOSCKV | C3: 呪術廻戦展 懐玉玉折 渋谷事変 メタリックポストカード 展示会KV | D3: DB00 | E3: DBS倉庫 | F3: 1768 | G3: 160888
A4: 4515142545099 | B4: CX2509JKSCFKV | C4: 呪術廻戦展 懐玉玉折 渋谷事変 クリアファイル 展示会KV | D4: CX01 | E4: CX催事 | F4: 1160 | G4: 38280
A5: 4515142545099 | B5: CX2509JKSCFKV | C5: 呪術廻戦展 懐玉玉折 渋谷事変 クリアファイル 展示会KV | D5: DB00 | E5: DBS倉庫 | F5: 3336 | G5: 110088
A6: 4515142545105 | B6: CX2509JKSPOSC-KG5 | C6: 呪術廻戦展 懐玉玉折 ポストカードセット（5枚入） | D6: CX01 | E6: CX催事 | F6: 12921 | G6: 516840
A7: 4515142545105 | B7: CX2509JKSPOSC-KG5 | C7: 呪術廻戦展 懐玉玉折 ポストカードセット（5枚入） | D7: DB00 | E7: DBS倉庫 | F7: 1494 | G7: 59760
A8: 4515142545112 | B8: CX2509JKSPOSC-SJ9 | C8: 呪術廻戦展 渋谷事変 ポストカードセット（9枚入） | D8: CX01 | E8: CX催事 | F8: 37528 | G8: 863144
A9: 4515142545112 | B9: CX2509JKSPOSC-SJ9 | C9: 呪術廻戦展 渋谷事変 ポストカードセット（9枚入） | D9: DB00 | E9: DBS倉庫 | F9: 2515 | G9: 57845
A10: 4515142545129 | B10: CX2509JKSBBDG-KG5 | C10: 呪術廻戦展 懐玉玉折 ブラインド缶バッジ（全5種） | D10: CX01 | E10: CX催事 | F10: 8520 | G10: 792360
A11: 4515142545129 | B11: CX2509JKSBBDG-KG5 | C11: 呪術廻戦展 懐玉玉折 ブラインド缶バッジ（全5種） | D11: DB00 | E11: DBS倉庫 | F11: 30895 | G11: 2873235
A12: 4515142545136 | B12: CX2509JKSBBDG-SJ9 | C12: 呪術廻戦展 渋谷事変 ブラインド缶バッジ（全9種） | D12: CX01 | E12: CX催事 | F12: 12248 | G12: 1139064
A13: 4515142545136 | B13: CX2509JKSBBDG-SJ9 | C13: 呪術廻戦展 渋谷事変 ブラインド缶バッジ（全9種） | D13: DB00 | E13: DBS倉庫 | F13: 37544 | G13: 3491592
... A88: 4515142545501 | B88: CX2509JKSCF-SJSK | C88: 呪術廻戦展 渋谷事変 クリアファイル（宿儺） | D88: DB00 | E88: DBS倉庫 | F88: 1031 | G88: 27837
A89: # | B89: CX2509JKSDTPCHCLP2 | C89: 呪術廻戦展 懐玉玉折 渋谷事変 脱兎クリップのみ(1SET 5個) | D89: CX01 | E89: CX催事 | F89: 260 | G89: 80340
A90: # | B90: CX2509JKSDTPCHCLP2 | C90: 呪術廻戦展 懐玉玉折 渋谷事変 脱兎クリップのみ(1SET 5個) | D90: DB00 | E90: DBS倉庫 | F90: 0 | G90: 0
A91: # | B91: QCX2509JKS2FN-10 | C91: 呪術廻戦展 懐玉玉折 渋谷事変 経費（課税10％） | D91: CX01 | E91: CX催事 | F91: 1568374 | G91: 1568374
A92: # | B92: QCX2509JKS2FN-10 | C92: 呪術廻戦展 懐玉玉折 渋谷事変 経費（課税10％） | D92: ZZ01 | E92: その他 | F92: 264000 | G92: 264000
A93: # | B93: QCX2509JKS2FN-8 | C93: 呪術廻戦展 懐玉玉折 渋谷事変 経費（課税8％） | D93: CX01 | E93: CX催事 | F93: 902 | G93: 902
A94: # | B94: QCX2509JKS2FN-NT | C94: 呪術廻戦展 懐玉玉折 渋谷事変 経費（非課税） | D94: CX01 | E94: CX催事 | F94: 12221 | G94: 12221
A95: # | B95: QCX2509JKS2FN-RY | C95: 呪術廻戦展 懐玉玉折 渋谷事変 経費（RY） | D95: CX01 | E95: CX催事 | F95: 13292908 | G95: 13292908

Sheet 払出リスト
A1: 品目コード | B1: 品目名（SAP） | C1: 払出数
A2: CX2509JKSMPOSCKV | B2: 呪術廻戦展 懐玉玉折 渋谷事変 メタリックポストカード 展示会KV | C2: 289
A3: CX2509JKSCFKV | B3: 呪術廻戦展 懐玉玉折 渋谷事変 クリアファイル 展示会KV | C3: 312
A4: CX2509JKSPOSC-KG5 | B4: 呪術廻戦展 懐玉玉折 ポストカードセット（5枚入） | C4: 580
A5: CX2509JKSPOSC-SJ9 | B5: 呪術廻戦展 渋谷事変 ポストカードセット（9枚入） | C5: 1143
A6: CX2509JKSBBDG-KG5 | B6: 呪術廻戦展 懐玉玉折 ブラインド缶バッジ（全5種） | C6: 256
A7: CX2509JKSBBDG-SJ9 | B7: 呪術廻戦展 渋谷事変 ブラインド缶バッジ（全9種） | C7: 573
A8: CX2509JKSBSTK-KG5 | B8: 呪術廻戦展 懐玉玉折 ブラインドダイカットステッカー（全5種） | C8: 162
A9: CX2509JKSBSTK-SJ9 | B9: 呪術廻戦展 渋谷事変 ブラインドダイカットステッカー（全9種） | C9: 259
A10: CX2509JKSCF-KGGO | B10: 呪術廻戦展 懐玉玉折 クリアファイル（五条 悟） | C10: 52
A11: CX2509JKSCF-KGGE | B11: 呪術廻戦展 懐玉玉折 クリアファイル（夏油 傑） | C11: 20
A12: CX2509JKSCF-KGIS | B12: 呪術廻戦展 懐玉玉折 クリアファイル（家入 硝子） | C12: 8
A13: CX2509JKSCF-KGNM | B13: 呪術廻戦展 懐玉玉折 クリアファイル（七海 建人） | C13: 15
... A42: CX2509JKSIRG-GE17 | B42: 呪術廻戦展 懐玉玉折 渋谷事変 夏油 傑 イメージリング（#17） | C42: 1
B43: 合計 | C43: =SUM(C2:C42)
