Workbook

Sheet XTab DS_1
A1: JANコード(EAN/UPC) | B1: 品目コード | C1: 品目テキスト | D1: 保管場所 | E1: 保管場所名 | F1: 在庫数量 | G1: 在庫金額
A2: 4515142545082 | B2: CX2509JKSMPOSCKV | C2: 呪術廻戦展 懐玉玉折 渋谷事変 メタリックポストカード 展示会KV | D2: CX01 | E2: CX催事 | F2: 989 | G2: 89999
A3: 4515142545082 | B3: CX2509JKSMPOSCKV | C3: 呪術廻戦展 懐玉玉折 渋谷事変 メタリックポストカード 展示会KV | D3: DB00 | E3: DBS倉庫 | F3: 1768 | G3: 160888
A4: 4515142545099 | B4: CX2509JKSCFKV | C4: 呪術廻戦展 懐玉玉折 渋谷事変 クリアファイル 展示会KV | D4: CX01 | E4: CX催事 | F4: 1160 | G4: 38280
A5: 4515142545099 | B5: CX2509JKSCFKV | C5: 呪術廻戦展 懐玉玉折 渋谷事変 クリアファイル 展示会KV | D5: DB00 | E5: DBS倉庫 | F5: 3336 | G5: 110088
A6: 4515142545105 | B6: CX2509JKSPOSC-KG5 | C6: 呪術廻戦展 懐玉玉折 ポストカードセット（5枚入） | D6: CX01 | E6: CX催事 | F6: 12921 | G6: 516840
A7: 4515142545105 | B7: CX2509JKSPOSC-KG5 | C7: 呪術廻戦展 懐玉玉折 ポストカードセット（5枚入） | D7: DB00 | E7: DBS倉庫 | F7: 1494 | G7: 59760
A8: 4515142545112 | B8: CX2509JKSPOSC-SJ9 | C8: 呪術廻戦展 渋谷事変 ポストカードセット（9枚入） | D8: CX01 | E8: CX催事 | F8: 37528 | G8: 863144
A9: 4515142545112 | B9: CX2509JKSPOSC-SJ9 | C9: 呪術廻戦展 渋谷事変 ポストカードセット（9枚入） | D9: DB00 | E9: DBS倉庫 | F9: 2515 | G9: 57845
A10: 4515142545129 | B10: CX2509JKSBBDG-KG5 | C10: 呪術廻戦展 懐玉玉折 ブラインド缶バッジ（全5種） | D10: CX01 | E10: CX催事 | F10: 8520 | G10: 792360
A11: 4515142545129 | B11: CX2509JKSBBDG-KG5 | C11: 呪術廻戦展 懐玉玉折 ブラインド缶バッジ（全5種） | D11: DB00 | E11: DBS倉庫 | F11: 30895 | G11: 2873235
A12: 4515142545136 | B12: CX2509JKSBBDG-SJ9 | C12: 呪術廻戦展 渋谷事変 ブラインド缶バッジ（全9種） | D12: CX01 | E12: CX催事 | F12: 12248 | G12: 1139064
A13: 4515142545136 | B13: CX2509JKSBBDG-SJ9 | C13: 呪術廻戦展 渋谷事変 ブラインド缶バッジ（全9種） | D13: DB00 | E13: DBS倉庫 | F13: 37544 | G13: 3491592
... A88: 4515142545501 | B88: CX2509JKSCF-SJSK | C88: 呪術廻戦展 渋谷事変 クリアファイル（宿儺） | D88: DB00 | E88: DBS倉庫 | F88: 1031 | G88: 27837
A89: # | B89: CX2509JKSDTPCHCLP2 | C89: 呪術廻戦展 懐玉玉折 渋谷事変 脱兎クリップのみ(1SET 5個) | D89: CX01 | E89: CX催事 | F89: 260 | G89: 80340
A90: # | B90: CX2509JKSDTPCHCLP2 | C90: 呪術廻戦展 懐玉玉折 渋谷事変 脱兎クリップのみ(1SET 5個) | D90: DB00 | E90: DBS倉庫 | F90: 0 | G90: 0
A91: # | B91: QCX2509JKS2FN-10 | C91: 呪術廻戦展 懐玉玉折 渋谷事変 経費（課税10％） | D91: CX01 | E91: CX催事 | F91: 1568374 | G91: 1568374
A92: # | B92: QCX2509JKS2FN-10 | C92: 呪術廻戦展 懐玉玉折 渋谷事変 経費（課税10％） | D92: ZZ01 | E92: その他 | F92: 264000 | G92: 264000
A93: # | B93: QCX2509JKS2FN-8 | C93: 呪術廻戦展 懐玉玉折 渋谷事変 経費（課税8％） | D93: CX01 | E93: CX催事 | F93: 902 | G93: 902
A94: # | B94: QCX2509JKS2FN-NT | C94: 呪術廻戦展 懐玉玉折 渋谷事変 経費（非課税） | D94: CX01 | E94: CX催事 | F94: 12221 | G94: 12221
A95: # | B95: QCX2509JKS2FN-RY | C95: 呪術廻戦展 懐玉玉折 渋谷事変 経費（RY） | D95: CX01 | E95: CX催事 | F95: 13292908 | G95: 13292908

Sheet Filter DS_1
A1: JANコード(EAN/UPC)
A2: WBS 要素
A3: メジャー
A4: サイズ/寸法
A5: サプライヤ SID
A6: プラント
A7: プラント名
A8: ロット SID
A9: 保管場所
A10: 保管場所名
A11: 受注明細
A12: 受注番号
A13: 品目コード | B13: CX2509JKSBANDAGE; CX2509JKSBBDG-KG5; CX2509JKSBBDG-SJ9; CX2509JKSBMCPA-KG5; CX2509JKSBMCPA-SJ5; CX2509JKSBSTK-KG5; CX2509JKSBSTK-SJ9; CX2509JKSCF-KGGE; CX2509JKSCF-KGGO; CX2509JKSCF-KGHU; CX2509JKSCF-KGIS; CX2509JKSCF-KGNM; CX2509JKSCF-SJCS; CX2509JKSCF-SJFM; CX2509JKSCF-SJGE; CX2509JKSCF-SJGO; CX2509JKSCF-SJIU; CX2509JKSCF-SJMH; CX2509JKSCF-SJNB; CX2509JKSCF-SJNM; CX2509JKSCF-SJSK; CX2509JKSCFKV; CX2509JKSDTPCHCLP; CX2509JKSDTPCHCLP2; CX2509JKSGEHAIRBD; CX2509JKSGOBTBALL; CX2509JKSIFC-FM; CX2509JKSIFC-IU; CX2509JKSIRG-GE11; CX2509JKSIRG-GE13; CX2509JKSIRG-GE15; CX2509JKSIRG-GE17; CX2509JKSIRG-GO11; CX2509JKSIRG-GO13; CX2509JKSIRG-GO15; CX2509JKSIRG-GO17; CX2509JKSMPOSCKV; CX2509JKSMUSICBOX; CX2509JKSNBECOBAG; CX2509JKSPLANNER; CX2509JKSPOSC-KG5; CX2509JKSPOSC-SJ9; CX2509JKSSKFINGER; QCX2509JKS2FN-10; QCX2509JKS2FN-8; QCX2509JKS2FN-NT; QCX2509JKS2FN-RY
A14: 品目テキスト
A15: 在庫タイプ
A16: 基本数量単位
A17: 得意先 SID
A18: 文書
A19: 文書タイプ
A20: 旧製品番号
A21: 案件名
A22: 案件担当者
A23: 案件番号
A24: 照会通貨
A25: 特殊在庫の追加仕入先
... A28: 通貨

Sheet 倉庫別_CX催事
A1: JANコード(EAN/UPC) | B1: 品目コード | C1: 品目テキスト | D1: 保管場所 | E1: 保管場所名 | F1: 区分 | G1: 在庫数量 | H1: 在庫金額
A2: 4515142545082 | B2: CX2509JKSMPOSCKV | C2: 呪術廻戦展 懐玉玉折 渋谷事変 メタリックポストカード 展示会KV | D2: CX01 | E2: CX催事 | F2: =IF(COUNTIFS('XTab DS_1'!$B$2:$B$95,$B2)>=2,"重複","単独") | G2: =SUMIFS('XTab DS_1'!$F$2:$F$95,'XTab DS_1'!$B$2:$B$95,$B2,'XTab DS_1'!$D$2:$D$95,$D2) | H2: =SUMIFS('XTab DS_1'!$G$2:$G$95,'XTab DS_1'!$B$2:$B$95,$B2,'XTab DS_1'!$D$2:$D$95,$D2)
A3: 4515142545099 | B3: CX2509JKSCFKV | C3: 呪術廻戦展 懐玉玉折 渋谷事変 クリアファイル 展示会KV | D3: CX01 | E3: CX催事 | F3: =IF(COUNTIFS('XTab DS_1'!$B$2:$B$95,$B3)>=2,"重複","単独") | G3: =SUMIFS('XTab DS_1'!$F$2:$F$95,'XTab DS_1'!$B$2:$B$95,$B3,'XTab DS_1'!$D$2:$D$95,$D3) | H3: =SUMIFS('XTab DS_1'!$G$2:$G$95,'XTab DS_1'!$B$2:$B$95,$B3,'XTab DS_1'!$D$2:$D$95,$D3)
A4: 4515142545105 | B4: CX2509JKSPOSC-KG5 | C4: 呪術廻戦展 懐玉玉折 ポストカードセット（5枚入） | D4: CX01 | E4: CX催事 | F4: =IF(COUNTIFS('XTab DS_1'!$B$2:$B$95,$B4)>=2,"重複","単独") | G4: =SUMIFS('XTab DS_1'!$F$2:$F$95,'XTab DS_1'!$B$2:$B$95,$B4,'XTab DS_1'!$D$2:$D$95,$D4) | H4: =SUMIFS('XTab DS_1'!$G$2:$G$95,'XTab DS_1'!$B$2:$B$95,$B4,'XTab DS_1'!$D$2:$D$95,$D4)
A5: 4515142545112 | B5: CX2509JKSPOSC-SJ9 | C5: 呪術廻戦展 渋谷事変 ポストカードセット（9枚入） | D5: CX01 | E5: CX催事 | F5: =IF(COUNTIFS('XTab DS_1'!$B$2:$B$95,$B5)>=2,"重複","単独") | G5: =SUMIFS('XTab DS_1'!$F$2:$F$95,'XTab DS_1'!$B$2:$B$95,$B5,'XTab DS_1'!$D$2:$D$95,$D5) | H5: =SUMIFS('XTab DS_1'!$G$2:$G$95,'XTab DS_1'!$B$2:$B$95,$B5,'XTab DS_1'!$D$2:$D$95,$D5)
A6: 4515142545129 | B6: CX2509JKSBBDG-KG5 | C6: 呪術廻戦展 懐玉玉折 ブラインド缶バッジ（全5種） | D6: CX01 | E6: CX催事 | F6: =IF(COUNTIFS('XTab DS_1'!$B$2:$B$95,$B6)>=2,"重複","単独") | G6: =SUMIFS('XTab DS_1'!$F$2:$F$95,'XTab DS_1'!$B$2:$B$95,$B6,'XTab DS_1'!$D$2:$D$95,$D6) | H6: =SUMIFS('XTab DS_1'!$G$2:$G$95,'XTab DS_1'!$B$2:$B$95,$B6,'XTab DS_1'!$D$2:$D$95,$D6)
A7: 4515142545136 | B7: CX2509JKSBBDG-SJ9 | C7: 呪術廻戦展 渋谷事変 ブラインド缶バッジ（全9種） | D7: CX01 | E7: CX催事 | F7: =IF(COUNTIFS('XTab DS_1'!$B$2:$B$95,$B7)>=2,"重複","単独") | G7: =SUMIFS('XTab DS_1'!$F$2:$F$95,'XTab DS_1'!$B$2:$B$95,$B7,'XTab DS_1'!$D$2:$D$95,$D7) | H7: =SUMIFS('XTab DS_1'!$G$2:$G$95,'XTab DS_1'!$B$2:$B$95,$B7,'XTab DS_1'!$D$2:$D$95,$D7)
A8: 4515142545143 | B8: CX2509JKSBSTK-KG5 | C8: 呪術廻戦展 懐玉玉折 ブラインドダイカットステッカー（全5種） | D8: CX01 | E8: CX催事 | F8: =IF(COUNTIFS('XTab DS_1'!$B$2:$B$95,$B8)>=2,"重複","単独") | G8: =SUMIFS('XTab DS_1'!$F$2:$F$95,'XTab DS_1'!$B$2:$B$95,$B8,'XTab DS_1'!$D$2:$D$95,$D8) | H8: =SUMIFS('XTab DS_1'!$G$2:$G$95,'XTab DS_1'!$B$2:$B$95,$B8,'XTab DS_1'!$D$2:$D$95,$D8)
A9: 4515142545150 | B9: CX2509JKSBSTK-SJ9 | C9: 呪術廻戦展 渋谷事変 ブラインドダイカットステッカー（全9種） | D9: CX01 | E9: CX催事 | F9: =IF(COUNTIFS('XTab DS_1'!$B$2:$B$95,$B9)>=2,"重複","単独") | G9: =SUMIFS('XTab DS_1'!$F$2:$F$95,'XTab DS_1'!$B$2:$B$95,$B9,'XTab DS_1'!$D$2:$D$95,$D9) | H9: =SUMIFS('XTab DS_1'!$G$2:$G$95,'XTab DS_1'!$B$2:$B$95,$B9,'XTab DS_1'!$D$2:$D$95,$D9)
A10: 4515142545174 | B10: CX2509JKSBMCPA-KG5 | C10: 呪術廻戦展 懐玉玉折 ブラインドミニ色紙（全5種） | D10: CX01 | E10: CX催事 | F10: =IF(COUNTIFS('XTab DS_1'!$B$2:$B$95,$B10)>=2,"重複","単独") | G10: =SUMIFS('XTab DS_1'!$F$2:$F$95,'XTab DS_1'!$B$2:$B$95,$B10,'XTab DS_1'!$D$2:$D$95,$D10) | H10: =SUMIFS('XTab DS_1'!$G$2:$G$95,'XTab DS_1'!$B$2:$B$95,$B10,'XTab DS_1'!$D$2:$D$95,$D10)
A11: 4515142545181 | B11: CX2509JKSBMCPA-SJ5 | C11: 呪術廻戦展 渋谷事変 ブラインドミニ色紙（全5種） | D11: CX01 | E11: CX催事 | F11: =IF(COUNTIFS('XTab DS_1'!$B$2:$B$95,$B11)>=2,"重複","単独") | G11: =SUMIFS('XTab DS_1'!$F$2:$F$95,'XTab DS_1'!$B$2:$B$95,$B11,'XTab DS_1'!$D$2:$D$95,$D11) | H11: =SUMIFS('XTab DS_1'!$G$2:$G$95,'XTab DS_1'!$B$2:$B$95,$B11,'XTab DS_1'!$D$2:$D$95,$D11)
A12: 4515142545198 | B12: CX2509JKSGOBTBALL | C12: 呪術廻戦展 懐玉玉折 渋谷事変 虚式 ? バスボール | D12: CX01 | E12: CX催事 | F12: =IF(COUNTIFS('XTab DS_1'!$B$2:$B$95,$B12)>=2,"重複","単独") | G12: =SUMIFS('XTab DS_1'!$F$2:$F$95,'XTab DS_1'!$B$2:$B$95,$B12,'XTab DS_1'!$D$2:$D$95,$D12) | H12: =SUMIFS('XTab DS_1'!$G$2:$G$95,'XTab DS_1'!$B$2:$B$95,$B12,'XTab DS_1'!$D$2:$D$95,$D12)
A13: 4515142545204 | B13: CX2509JKSGEHAIRBD | C13: 呪術廻戦展 懐玉玉折 渋谷事変 前髪ヘアバンド | D13: CX01 | E13: CX催事 | F13: =IF(COUNTIFS('XTab DS_1'!$B$2:$B$95,$B13)>=2,"重複","単独") | G13: =SUMIFS('XTab DS_1'!$F$2:$F$95,'XTab DS_1'!$B$2:$B$95,$B13,'XTab DS_1'!$D$2:$D$95,$D13) | H13: =SUMIFS('XTab DS_1'!$G$2:$G$95,'XTab DS_1'!$B$2:$B$95,$B13,'XTab DS_1'!$D$2:$D$95,$D13)
... A43: 4515142545501 | B43: CX2509JKSCF-SJSK | C43: 呪術廻戦展 渋谷事変 クリアファイル（宿儺） | D43: CX01 | E43: CX催事 | F43: =IF(COUNTIFS('XTab DS_1'!$B$2:$B$95,$B43)>=2,"重複","単独") | G43: =SUMIFS('XTab DS_1'!$F$2:$F$95,'XTab DS_1'!$B$2:$B$95,$B43,'XTab DS_1'!$D$2:$D$95,$D43) | H43: =SUMIFS('XTab DS_1'!$G$2:$G$95,'XTab DS_1'!$B$2:$B$95,$B43,'XTab DS_1'!$D$2:$D$95,$D43)
A44: # | B44: CX2509JKSDTPCHCLP2 | C44: 呪術廻戦展 懐玉玉折 渋谷事変 脱兎クリップのみ(1SET 5個) | D44: CX01 | E44: CX催事 | F44: =IF(COUNTIFS('XTab DS_1'!$B$2:$B$95,$B44)>=2,"重複","単独") | G44: =SUMIFS('XTab DS_1'!$F$2:$F$95,'XTab DS_1'!$B$2:$B$95,$B44,'XTab DS_1'!$D$2:$D$95,$D44) | H44: =SUMIFS('XTab DS_1'!$G$2:$G$95,'XTab DS_1'!$B$2:$B$95,$B44,'XTab DS_1'!$D$2:$D$95,$D44)
A45: # | B45: QCX2509JKS2FN-10 | C45: 呪術廻戦展 懐玉玉折 渋谷事変 経費（課税10％） | D45: CX01 | E45: CX催事 | F45: =IF(COUNTIFS('XTab DS_1'!$B$2:$B$95,$B45)>=2,"重複","単独") | G45: =SUMIFS('XTab DS_1'!$F$2:$F$95,'XTab DS_1'!$B$2:$B$95,$B45,'XTab DS_1'!$D$2:$D$95,$D45) | H45: =SUMIFS('XTab DS_1'!$G$2:$G$95,'XTab DS_1'!$B$2:$B$95,$B45,'XTab DS_1'!$D$2:$D$95,$D45)
A46: # | B46: QCX2509JKS2FN-8 | C46: 呪術廻戦展 懐玉玉折 渋谷事変 経費（課税8％） | D46: CX01 | E46: CX催事 | F46: =IF(COUNTIFS('XTab DS_1'!$B$2:$B$95,$B46)>=2,"重複","単独") | G46: =SUMIFS('XTab DS_1'!$F$2:$F$95,'XTab DS_1'!$B$2:$B$95,$B46,'XTab DS_1'!$D$2:$D$95,$D46) | H46: =SUMIFS('XTab DS_1'!$G$2:$G$95,'XTab DS_1'!$B$2:$B$95,$B46,'XTab DS_1'!$D$2:$D$95,$D46)
A47: # | B47: QCX2509JKS2FN-NT | C47: 呪術廻戦展 懐玉玉折 渋谷事変 経費（非課税） | D47: CX01 | E47: CX催事 | F47: =IF(COUNTIFS('XTab DS_1'!$B$2:$B$95,$B47)>=2,"重複","単独") | G47: =SUMIFS('XTab DS_1'!$F$2:$F$95,'XTab DS_1'!$B$2:$B$95,$B47,'XTab DS_1'!$D$2:$D$95,$D47) | H47: =SUMIFS('XTab DS_1'!$G$2:$G$95,'XTab DS_1'!$B$2:$B$95,$B47,'XTab DS_1'!$D$2:$D$95,$D47)
A48: # | B48: QCX2509JKS2FN-RY | C48: 呪術廻戦展 懐玉玉折 渋谷事変 経費（RY） | D48: CX01 | E48: CX催事 | F48: =IF(COUNTIFS('XTab DS_1'!$B$2:$B$95,$B48)>=2,"重複","単独") | G48: =SUMIFS('XTab DS_1'!$F$2:$F$95,'XTab DS_1'!$B$2:$B$95,$B48,'XTab DS_1'!$D$2:$D$95,$D48) | H48: =SUMIFS('XTab DS_1'!$G$2:$G$95,'XTab DS_1'!$B$2:$B$95,$B48,'XTab DS_1'!$D$2:$D$95,$D48)
C49: 合計 | G49: =SUM(G2:G48) | H49: =SUM(H2:H48)
C50: うち 重複 | G50: =SUMIFS(G2:G48,F2:F48,"重複") | H50: =SUMIFS(H2:H48,F2:F48,"重複")
C51: うち 単独 | G51: =SUMIFS(G2:G48,F2:F48,"単独") | H51: =SUMIFS(H2:H48,F2:F48,"単独")

Sheet 倉庫別_DBS倉庫
A1: JANコード(EAN/UPC) | B1: 品目コード | C1: 品目テキスト | D1: 保管場所 | E1: 保管場所名 | F1: 区分 | G1: 在庫数量 | H1: 在庫金額
A2: 4515142545082 | B2: CX2509JKSMPOSCKV | C2: 呪術廻戦展 懐玉玉折 渋谷事変 メタリックポストカード 展示会KV | D2: DB00 | E2: DBS倉庫 | F2: =IF(COUNTIFS('XTab DS_1'!$B$2:$B$95,$B2)>=2,"重複","単独") | G2: =SUMIFS('XTab DS_1'!$F$2:$F$95,'XTab DS_1'!$B$2:$B$95,$B2,'XTab DS_1'!$D$2:$D$95,$D2) | H2: =SUMIFS('XTab DS_1'!$G$2:$G$95,'XTab DS_1'!$B$2:$B$95,$B2,'XTab DS_1'!$D$2:$D$95,$D2)
A3: 4515142545099 | B3: CX2509JKSCFKV | C3: 呪術廻戦展 懐玉玉折 渋谷事変 クリアファイル 展示会KV | D3: DB00 | E3: DBS倉庫 | F3: =IF(COUNTIFS('XTab DS_1'!$B$2:$B$95,$B3)>=2,"重複","単独") | G3: =SUMIFS('XTab DS_1'!$F$2:$F$95,'XTab DS_1'!$B$2:$B$95,$B3,'XTab DS_1'!$D$2:$D$95,$D3) | H3: =SUMIFS('XTab DS_1'!$G$2:$G$95,'XTab DS_1'!$B$2:$B$95,$B3,'XTab DS_1'!$D$2:$D$95,$D3)
A4: 4515142545105 | B4: CX2509JKSPOSC-KG5 | C4: 呪術廻戦展 懐玉玉折 ポストカードセット（5枚入） | D4: DB00 | E4: DBS倉庫 | F4: =IF(COUNTIFS('XTab DS_1'!$B$2:$B$95,$B4)>=2,"重複","単独") | G4: =SUMIFS('XTab DS_1'!$F$2:$F$95,'XTab DS_1'!$B$2:$B$95,$B4,'XTab DS_1'!$D$2:$D$95,$D4) | H4: =SUMIFS('XTab DS_1'!$G$2:$G$95,'XTab DS_1'!$B$2:$B$95,$B4,'XTab DS_1'!$D$2:$D$95,$D4)
A5: 4515142545112 | B5: CX2509JKSPOSC-SJ9 | C5: 呪術廻戦展 渋谷事変 ポストカードセット（9枚入） | D5: DB00 | E5: DBS倉庫 | F5: =IF(COUNTIFS('XTab DS_1'!$B$2:$B$95,$B5)>=2,"重複","単独") | G5: =SUMIFS('XTab DS_1'!$F$2:$F$95,'XTab DS_1'!$B$2:$B$95,$B5,'XTab DS_1'!$D$2:$D$95,$D5) | H5: =SUMIFS('XTab DS_1'!$G$2:$G$95,'XTab DS_1'!$B$2:$B$95,$B5,'XTab DS_1'!$D$2:$D$95,$D5)
A6: 4515142545129 | B6: CX2509JKSBBDG-KG5 | C6: 呪術廻戦展 懐玉玉折 ブラインド缶バッジ（全5種） | D6: DB00 | E6: DBS倉庫 | F6: =IF(COUNTIFS('XTab DS_1'!$B$2:$B$95,$B6)>=2,"重複","単独") | G6: =SUMIFS('XTab DS_1'!$F$2:$F$95,'XTab DS_1'!$B$2:$B$95,$B6,'XTab DS_1'!$D$2:$D$95,$D6) | H6: =SUMIFS('XTab DS_1'!$G$2:$G$95,'XTab DS_1'!$B$2:$B$95,$B6,'XTab DS_1'!$D$2:$D$95,$D6)
A7: 4515142545136 | B7: CX2509JKSBBDG-SJ9 | C7: 呪術廻戦展 渋谷事変 ブラインド缶バッジ（全9種） | D7: DB00 | E7: DBS倉庫 | F7: =IF(COUNTIFS('XTab DS_1'!$B$2:$B$95,$B7)>=2,"重複","単独") | G7: =SUMIFS('XTab DS_1'!$F$2:$F$95,'XTab DS_1'!$B$2:$B$95,$B7,'XTab DS_1'!$D$2:$D$95,$D7) | H7: =SUMIFS('XTab DS_1'!$G$2:$G$95,'XTab DS_1'!$B$2:$B$95,$B7,'XTab DS_1'!$D$2:$D$95,$D7)
A8: 4515142545143 | B8: CX2509JKSBSTK-KG5 | C8: 呪術廻戦展 懐玉玉折 ブラインドダイカットステッカー（全5種） | D8: DB00 | E8: DBS倉庫 | F8: =IF(COUNTIFS('XTab DS_1'!$B$2:$B$95,$B8)>=2,"重複","単独") | G8: =SUMIFS('XTab DS_1'!$F$2:$F$95,'XTab DS_1'!$B$2:$B$95,$B8,'XTab DS_1'!$D$2:$D$95,$D8) | H8: =SUMIFS('XTab DS_1'!$G$2:$G$95,'XTab DS_1'!$B$2:$B$95,$B8,'XTab DS_1'!$D$2:$D$95,$D8)
A9: 4515142545150 | B9: CX2509JKSBSTK-SJ9 | C9: 呪術廻戦展 渋谷事変 ブラインドダイカットステッカー（全9種） | D9: DB00 | E9: DBS倉庫 | F9: =IF(COUNTIFS('XTab DS_1'!$B$2:$B$95,$B9)>=2,"重複","単独") | G9: =SUMIFS('XTab DS_1'!$F$2:$F$95,'XTab DS_1'!$B$2:$B$95,$B9,'XTab DS_1'!$D$2:$D$95,$D9) | H9: =SUMIFS('XTab DS_1'!$G$2:$G$95,'XTab DS_1'!$B$2:$B$95,$B9,'XTab DS_1'!$D$2:$D$95,$D9)
A10: 4515142545174 | B10: CX2509JKSBMCPA-KG5 | C10: 呪術廻戦展 懐玉玉折 ブラインドミニ色紙（全5種） | D10: DB00 | E10: DBS倉庫 | F10: =IF(COUNTIFS('XTab DS_1'!$B$2:$B$95,$B10)>=2,"重複","単独") | G10: =SUMIFS('XTab DS_1'!$F$2:$F$95,'XTab DS_1'!$B$2:$B$95,$B10,'XTab DS_1'!$D$2:$D$95,$D10) | H10: =SUMIFS('XTab DS_1'!$G$2:$G$95,'XTab DS_1'!$B$2:$B$95,$B10,'XTab DS_1'!$D$2:$D$95,$D10)
A11: 4515142545181 | B11: CX2509JKSBMCPA-SJ5 | C11: 呪術廻戦展 渋谷事変 ブラインドミニ色紙（全5種） | D11: DB00 | E11: DBS倉庫 | F11: =IF(COUNTIFS('XTab DS_1'!$B$2:$B$95,$B11)>=2,"重複","単独") | G11: =SUMIFS('XTab DS_1'!$F$2:$F$95,'XTab DS_1'!$B$2:$B$95,$B11,'XTab DS_1'!$D$2:$D$95,$D11) | H11: =SUMIFS('XTab DS_1'!$G$2:$G$95,'XTab DS_1'!$B$2:$B$95,$B11,'XTab DS_1'!$D$2:$D$95,$D11)
A12: 4515142545198 | B12: CX2509JKSGOBTBALL | C12: 呪術廻戦展 懐玉玉折 渋谷事変 虚式 ? バスボール | D12: DB00 | E12: DBS倉庫 | F12: =IF(COUNTIFS('XTab DS_1'!$B$2:$B$95,$B12)>=2,"重複","単独") | G12: =SUMIFS('XTab DS_1'!$F$2:$F$95,'XTab DS_1'!$B$2:$B$95,$B12,'XTab DS_1'!$D$2:$D$95,$D12) | H12: =SUMIFS('XTab DS_1'!$G$2:$G$95,'XTab DS_1'!$B$2:$B$95,$B12,'XTab DS_1'!$D$2:$D$95,$D12)
A13: 4515142545204 | B13: CX2509JKSGEHAIRBD | C13: 呪術廻戦展 懐玉玉折 渋谷事変 前髪ヘアバンド | D13: DB00 | E13: DBS倉庫 | F13: =IF(COUNTIFS('XTab DS_1'!$B$2:$B$95,$B13)>=2,"重複","単独") | G13: =SUMIFS('XTab DS_1'!$F$2:$F$95,'XTab DS_1'!$B$2:$B$95,$B13,'XTab DS_1'!$D$2:$D$95,$D13) | H13: =SUMIFS('XTab DS_1'!$G$2:$G$95,'XTab DS_1'!$B$2:$B$95,$B13,'XTab DS_1'!$D$2:$D$95,$D13)
... A43: 4515142545501 | B43: CX2509JKSCF-SJSK | C43: 呪術廻戦展 渋谷事変 クリアファイル（宿儺） | D43: DB00 | E43: DBS倉庫 | F43: =IF(COUNTIFS('XTab DS_1'!$B$2:$B$95,$B43)>=2,"重複","単独") | G43: =SUMIFS('XTab DS_1'!$F$2:$F$95,'XTab DS_1'!$B$2:$B$95,$B43,'XTab DS_1'!$D$2:$D$95,$D43) | H43: =SUMIFS('XTab DS_1'!$G$2:$G$95,'XTab DS_1'!$B$2:$B$95,$B43,'XTab DS_1'!$D$2:$D$95,$D43)
A44: # | B44: CX2509JKSDTPCHCLP2 | C44: 呪術廻戦展 懐玉玉折 渋谷事変 脱兎クリップのみ(1SET 5個) | D44: DB00 | E44: DBS倉庫 | F44: =IF(COUNTIFS('XTab DS_1'!$B$2:$B$95,$B44)>=2,"重複","単独") | G44: =SUMIFS('XTab DS_1'!$F$2:$F$95,'XTab DS_1'!$B$2:$B$95,$B44,'XTab DS_1'!$D$2:$D$95,$D44) | H44: =SUMIFS('XTab DS_1'!$G$2:$G$95,'XTab DS_1'!$B$2:$B$95,$B44,'XTab DS_1'!$D$2:$D$95,$D44)
C45: 合計 | G45: =SUM(G2:G44) | H45: =SUM(H2:H44)
C46: うち 重複 | G46: =SUMIFS(G2:G44,F2:F44,"重複") | H46: =SUMIFS(H2:H44,F2:F44,"重複")
C47: うち 単独 | G47: =SUMIFS(G2:G44,F2:F44,"単独") | H47: =SUMIFS(H2:H44,F2:F44,"単独")

Sheet 倉庫別_その他
A1: JANコード(EAN/UPC) | B1: 品目コード | C1: 品目テキスト | D1: 保管場所 | E1: 保管場所名 | F1: 区分 | G1: 在庫数量 | H1: 在庫金額
A2: 4515142545228 | B2: CX2509JKSSKFINGER | C2: 呪術廻戦展 懐玉玉折 渋谷事変 宿儺の指風お菓子 | D2: ZZ01 | E2: その他 | F2: =IF(COUNTIFS('XTab DS_1'!$B$2:$B$95,$B2)>=2,"重複","単独") | G2: =SUMIFS('XTab DS_1'!$F$2:$F$95,'XTab DS_1'!$B$2:$B$95,$B2,'XTab DS_1'!$D$2:$D$95,$D2) | H2: =SUMIFS('XTab DS_1'!$G$2:$G$95,'XTab DS_1'!$B$2:$B$95,$B2,'XTab DS_1'!$D$2:$D$95,$D2)
A3: 4515142545273 | B3: CX2509JKSIRG-GO11 | C3: 呪術廻戦展 懐玉玉折 渋谷事変 五条 悟 イメージリング（#11） | D3: ZZ01 | E3: その他 | F3: =IF(COUNTIFS('XTab DS_1'!$B$2:$B$95,$B3)>=2,"重複","単独") | G3: =SUMIFS('XTab DS_1'!$F$2:$F$95,'XTab DS_1'!$B$2:$B$95,$B3,'XTab DS_1'!$D$2:$D$95,$D3) | H3: =SUMIFS('XTab DS_1'!$G$2:$G$95,'XTab DS_1'!$B$2:$B$95,$B3,'XTab DS_1'!$D$2:$D$95,$D3)
A4: 4515142545310 | B4: CX2509JKSIRG-GE11 | C4: 呪術廻戦展 懐玉玉折 渋谷事変 夏油 傑 イメージリング（#11） | D4: ZZ01 | E4: その他 | F4: =IF(COUNTIFS('XTab DS_1'!$B$2:$B$95,$B4)>=2,"重複","単独") | G4: =SUMIFS('XTab DS_1'!$F$2:$F$95,'XTab DS_1'!$B$2:$B$95,$B4,'XTab DS_1'!$D$2:$D$95,$D4) | H4: =SUMIFS('XTab DS_1'!$G$2:$G$95,'XTab DS_1'!$B$2:$B$95,$B4,'XTab DS_1'!$D$2:$D$95,$D4)
A5: # | B5: QCX2509JKS2FN-10 | C5: 呪術廻戦展 懐玉玉折 渋谷事変 経費（課税10％） | D5: ZZ01 | E5: その他 | F5: =IF(COUNTIFS('XTab DS_1'!$B$2:$B$95,$B5)>=2,"重複","単独") | G5: =SUMIFS('XTab DS_1'!$F$2:$F$95,'XTab DS_1'!$B$2:$B$95,$B5,'XTab DS_1'!$D$2:$D$95,$D5) | H5: =SUMIFS('XTab DS_1'!$G$2:$G$95,'XTab DS_1'!$B$2:$B$95,$B5,'XTab DS_1'!$D$2:$D$95,$D5)
C6: 合計 | G6: =SUM(G2:G5) | H6: =SUM(H2:H5)
C7: うち 重複 | G7: =SUMIFS(G2:G5,F2:F5,"重複") | H7: =SUMIFS(H2:H5,F2:F5,"重複")
C8: うち 単独 | G8: =SUMIFS(G2:G5,F2:F5,"単独") | H8: =SUMIFS(H2:H5,F2:F5,"単独")

Sheet 商品別_合算
A1: JANコード(EAN/UPC) | B1: 品目コード | C1: 品目テキスト | D1: 登録倉庫数 | E1: 区分 | F1: CX催事 数量 | G1: CX催事 金額 | H1: DBS倉庫 数量 | I1: DBS倉庫 金額 | J1: その他 数量 | K1: その他 金額 | L1: 合算 在庫数量 | M1: 合算 在庫金額(原価)
A2: 4515142545082 | B2: CX2509JKSMPOSCKV | C2: 呪術廻戦展 懐玉玉折 渋谷事変 メタリックポストカード 展示会KV | D2: =COUNTIFS('XTab DS_1'!$B$2:$B$95,$B2) | E2: =IF(D2>=2,"重複","単独") | F2: =SUMIFS('XTab DS_1'!$F$2:$F$95,'XTab DS_1'!$B$2:$B$95,$B2,'XTab DS_1'!$D$2:$D$95,"CX01") | G2: =SUMIFS('XTab DS_1'!$G$2:$G$95,'XTab DS_1'!$B$2:$B$95,$B2,'XTab DS_1'!$D$2:$D$95,"CX01") | H2: =SUMIFS('XTab DS_1'!$F$2:$F$95,'XTab DS_1'!$B$2:$B$95,$B2,'XTab DS_1'!$D$2:$D$95,"DB00") | I2: =SUMIFS('XTab DS_1'!$G$2:$G$95,'XTab DS_1'!$B$2:$B$95,$B2,'XTab DS_1'!$D$2:$D$95,"DB00") | J2: =SUMIFS('XTab DS_1'!$F$2:$F$95,'XTab DS_1'!$B$2:$B$95,$B2,'XTab DS_1'!$D$2:$D$95,"ZZ01") | K2: =SUMIFS('XTab DS_1'!$G$2:$G$95,'XTab DS_1'!$B$2:$B$95,$B2,'XTab DS_1'!$D$2:$D$95,"ZZ01") | L2: =SUMIFS('XTab DS_1'!$F$2:$F$95,'XTab DS_1'!$B$2:$B$95,$B2) | M2: =SUMIFS('XTab DS_1'!$G$2:$G$95,'XTab DS_1'!$B$2:$B$95,$B2)
A3: 4515142545099 | B3: CX2509JKSCFKV | C3: 呪術廻戦展 懐玉玉折 渋谷事変 クリアファイル 展示会KV | D3: =COUNTIFS('XTab DS_1'!$B$2:$B$95,$B3) | E3: =IF(D3>=2,"重複","単独") | F3: =SUMIFS('XTab DS_1'!$F$2:$F$95,'XTab DS_1'!$B$2:$B$95,$B3,'XTab DS_1'!$D$2:$D$95,"CX01") | G3: =SUMIFS('XTab DS_1'!$G$2:$G$95,'XTab DS_1'!$B$2:$B$95,$B3,'XTab DS_1'!$D$2:$D$95,"CX01") | H3: =SUMIFS('XTab DS_1'!$F$2:$F$95,'XTab DS_1'!$B$2:$B$95,$B3,'XTab DS_1'!$D$2:$D$95,"DB00") | I3: =SUMIFS('XTab DS_1'!$G$2:$G$95,'XTab DS_1'!$B$2:$B$95,$B3,'XTab DS_1'!$D$2:$D$95,"DB00") | J3: =SUMIFS('XTab DS_1'!$F$2:$F$95,'XTab DS_1'!$B$2:$B$95,$B3,'XTab DS_1'!$D$2:$D$95,"ZZ01") | K3: =SUMIFS('XTab DS_1'!$G$2:$G$95,'XTab DS_1'!$B$2:$B$95,$B3,'XTab DS_1'!$D$2:$D$95,"ZZ01") | L3: =SUMIFS('XTab DS_1'!$F$2:$F$95,'XTab DS_1'!$B$2:$B$95,$B3) | M3: =SUMIFS('XTab DS_1'!$G$2:$G$95,'XTab DS_1'!$B$2:$B$95,$B3)
A4: 4515142545105 | B4: CX2509JKSPOSC-KG5 | C4: 呪術廻戦展 懐玉玉折 ポストカードセット（5枚入） | D4: =COUNTIFS('XTab DS_1'!$B$2:$B$95,$B4) | E4: =IF(D4>=2,"重複","単独") | F4: =SUMIFS('XTab DS_1'!$F$2:$F$95,'XTab DS_1'!$B$2:$B$95,$B4,'XTab DS_1'!$D$2:$D$95,"CX01") | G4: =SUMIFS('XTab DS_1'!$G$2:$G$95,'XTab DS_1'!$B$2:$B$95,$B4,'XTab DS_1'!$D$2:$D$95,"CX01") | H4: =SUMIFS('XTab DS_1'!$F$2:$F$95,'XTab DS_1'!$B$2:$B$95,$B4,'XTab DS_1'!$D$2:$D$95,"DB00") | I4: =SUMIFS('XTab DS_1'!$G$2:$G$95,'XTab DS_1'!$B$2:$B$95,$B4,'XTab DS_1'!$D$2:$D$95,"DB00") | J4: =SUMIFS('XTab DS_1'!$F$2:$F$95,'XTab DS_1'!$B$2:$B$95,$B4,'XTab DS_1'!$D$2:$D$95,"ZZ01") | K4: =SUMIFS('XTab DS_1'!$G$2:$G$95,'XTab DS_1'!$B$2:$B$95,$B4,'XTab DS_1'!$D$2:$D$95,"ZZ01") | L4: =SUMIFS('XTab DS_1'!$F$2:$F$95,'XTab DS_1'!$B$2:$B$95,$B4) | M4: =SUMIFS('XTab DS_1'!$G$2:$G$95,'XTab DS_1'!$B$2:$B$95,$B4)
A5: 4515142545112 | B5: CX2509JKSPOSC-SJ9 | C5: 呪術廻戦展 渋谷事変 ポストカードセット（9枚入） | D5: =COUNTIFS('XTab DS_1'!$B$2:$B$95,$B5) | E5: =IF(D5>=2,"重複","単独") | F5: =SUMIFS('XTab DS_1'!$F$2:$F$95,'XTab DS_1'!$B$2:$B$95,$B5,'XTab DS_1'!$D$2:$D$95,"CX01") | G5: =SUMIFS('XTab DS_1'!$G$2:$G$95,'XTab DS_1'!$B$2:$B$95,$B5,'XTab DS_1'!$D$2:$D$95,"CX01") | H5: =SUMIFS('XTab DS_1'!$F$2:$F$95,'XTab DS_1'!$B$2:$B$95,$B5,'XTab DS_1'!$D$2:$D$95,"DB00") | I5: =SUMIFS('XTab DS_1'!$G$2:$G$95,'XTab DS_1'!$B$2:$B$95,$B5,'XTab DS_1'!$D$2:$D$95,"DB00") | J5: =SUMIFS('XTab DS_1'!$F$2:$F$95,'XTab DS_1'!$B$2:$B$95,$B5,'XTab DS_1'!$D$2:$D$95,"ZZ01") | K5: =SUMIFS('XTab DS_1'!$G$2:$G$95,'XTab DS_1'!$B$2:$B$95,$B5,'XTab DS_1'!$D$2:$D$95,"ZZ01") | L5: =SUMIFS('XTab DS_1'!$F$2:$F$95,'XTab DS_1'!$B$2:$B$95,$B5) | M5: =SUMIFS('XTab DS_1'!$G$2:$G$95,'XTab DS_1'!$B$2:$B$95,$B5)
A6: 4515142545129 | B6: CX2509JKSBBDG-KG5 | C6: 呪術廻戦展 懐玉玉折 ブラインド缶バッジ（全5種） | D6: =COUNTIFS('XTab DS_1'!$B$2:$B$95,$B6) | E6: =IF(D6>=2,"重複","単独") | F6: =SUMIFS('XTab DS_1'!$F$2:$F$95,'XTab DS_1'!$B$2:$B$95,$B6,'XTab DS_1'!$D$2:$D$95,"CX01") | G6: =SUMIFS('XTab DS_1'!$G$2:$G$95,'XTab DS_1'!$B$2:$B$95,$B6,'XTab DS_1'!$D$2:$D$95,"CX01") | H6: =SUMIFS('XTab DS_1'!$F$2:$F$95,'XTab DS_1'!$B$2:$B$95,$B6,'XTab DS_1'!$D$2:$D$95,"DB00") | I6: =SUMIFS('XTab DS_1'!$G$2:$G$95,'XTab DS_1'!$B$2:$B$95,$B6,'XTab DS_1'!$D$2:$D$95,"DB00") | J6: =SUMIFS('XTab DS_1'!$F$2:$F$95,'XTab DS_1'!$B$2:$B$95,$B6,'XTab DS_1'!$D$2:$D$95,"ZZ01") | K6: =SUMIFS('XTab DS_1'!$G$2:$G$95,'XTab DS_1'!$B$2:$B$95,$B6,'XTab DS_1'!$D$2:$D$95,"ZZ01") | L6: =SUMIFS('XTab DS_1'!$F$2:$F$95,'XTab DS_1'!$B$2:$B$95,$B6) | M6: =SUMIFS('XTab DS_1'!$G$2:$G$95,'XTab DS_1'!$B$2:$B$95,$B6)
A7: 4515142545136 | B7: CX2509JKSBBDG-SJ9 | C7: 呪術廻戦展 渋谷事変 ブラインド缶バッジ（全9種） | D7: =COUNTIFS('XTab DS_1'!$B$2:$B$95,$B7) | E7: =IF(D7>=2,"重複","単独") | F7: =SUMIFS('XTab DS_1'!$F$2:$F$95,'XTab DS_1'!$B$2:$B$95,$B7,'XTab DS_1'!$D$2:$D$95,"CX01") | G7: =SUMIFS('XTab DS_1'!$G$2:$G$95,'XTab DS_1'!$B$2:$B$95,$B7,'XTab DS_1'!$D$2:$D$95,"CX01") | H7: =SUMIFS('XTab DS_1'!$F$2:$F$95,'XTab DS_1'!$B$2:$B$95,$B7,'XTab DS_1'!$D$2:$D$95,"DB00") | I7: =SUMIFS('XTab DS_1'!$G$2:$G$95,'XTab DS_1'!$B$2:$B$95,$B7,'XTab DS_1'!$D$2:$D$95,"DB00") | J7: =SUMIFS('XTab DS_1'!$F$2:$F$95,'XTab DS_1'!$B$2:$B$95,$B7,'XTab DS_1'!$D$2:$D$95,"ZZ01") | K7: =SUMIFS('XTab DS_1'!$G$2:$G$95,'XTab DS_1'!$B$2:$B$95,$B7,'XTab DS_1'!$D$2:$D$95,"ZZ01") | L7: =SUMIFS('XTab DS_1'!$F$2:$F$95,'XTab DS_1'!$B$2:$B$95,$B7) | M7: =SUMIFS('XTab DS_1'!$G$2:$G$95,'XTab DS_1'!$B$2:$B$95,$B7)
A8: 4515142545143 | B8: CX2509JKSBSTK-KG5 | C8: 呪術廻戦展 懐玉玉折 ブラインドダイカットステッカー（全5種） | D8: =COUNTIFS('XTab DS_1'!$B$2:$B$95,$B8) | E8: =IF(D8>=2,"重複","単独") | F8: =SUMIFS('XTab DS_1'!$F$2:$F$95,'XTab DS_1'!$B$2:$B$95,$B8,'XTab DS_1'!$D$2:$D$95,"CX01") | G8: =SUMIFS('XTab DS_1'!$G$2:$G$95,'XTab DS_1'!$B$2:$B$95,$B8,'XTab DS_1'!$D$2:$D$95,"CX01") | H8: =SUMIFS('XTab DS_1'!$F$2:$F$95,'XTab DS_1'!$B$2:$B$95,$B8,'XTab DS_1'!$D$2:$D$95,"DB00") | I8: =SUMIFS('XTab DS_1'!$G$2:$G$95,'XTab DS_1'!$B$2:$B$95,$B8,'XTab DS_1'!$D$2:$D$95,"DB00") | J8: =SUMIFS('XTab DS_1'!$F$2:$F$95,'XTab DS_1'!$B$2:$B$95,$B8,'XTab DS_1'!$D$2:$D$95,"ZZ01") | K8: =SUMIFS('XTab DS_1'!$G$2:$G$95,'XTab DS_1'!$B$2:$B$95,$B8,'XTab DS_1'!$D$2:$D$95,"ZZ01") | L8: =SUMIFS('XTab DS_1'!$F$2:$F$95,'XTab DS_1'!$B$2:$B$95,$B8) | M8: =SUMIFS('XTab DS_1'!$G$2:$G$95,'XTab DS_1'!$B$2:$B$95,$B8)
A9: 4515142545150 | B9: CX2509JKSBSTK-SJ9 | C9: 呪術廻戦展 渋谷事変 ブラインドダイカットステッカー（全9種） | D9: =COUNTIFS('XTab DS_1'!$B$2:$B$95,$B9) | E9: =IF(D9>=2,"重複","単独") | F9: =SUMIFS('XTab DS_1'!$F$2:$F$95,'XTab DS_1'!$B$2:$B$95,$B9,'XTab DS_1'!$D$2:$D$95,"CX01") | G9: =SUMIFS('XTab DS_1'!$G$2:$G$95,'XTab DS_1'!$B$2:$B$95,$B9,'XTab DS_1'!$D$2:$D$95,"CX01") | H9: =SUMIFS('XTab DS_1'!$F$2:$F$95,'XTab DS_1'!$B$2:$B$95,$B9,'XTab DS_1'!$D$2:$D$95,"DB00") | I9: =SUMIFS('XTab DS_1'!$G$2:$G$95,'XTab DS_1'!$B$2:$B$95,$B9,'XTab DS_1'!$D$2:$D$95,"DB00") | J9: =SUMIFS('XTab DS_1'!$F$2:$F$95,'XTab DS_1'!$B$2:$B$95,$B9,'XTab DS_1'!$D$2:$D$95,"ZZ01") | K9: =SUMIFS('XTab DS_1'!$G$2:$G$95,'XTab DS_1'!$B$2:$B$95,$B9,'XTab DS_1'!$D$2:$D$95,"ZZ01") | L9: =SUMIFS('XTab DS_1'!$F$2:$F$95,'XTab DS_1'!$B$2:$B$95,$B9) | M9: =SUMIFS('XTab DS_1'!$G$2:$G$95,'XTab DS_1'!$B$2:$B$95,$B9)
A10: 4515142545174 | B10: CX2509JKSBMCPA-KG5 | C10: 呪術廻戦展 懐玉玉折 ブラインドミニ色紙（全5種） | D10: =COUNTIFS('XTab DS_1'!$B$2:$B$95,$B10) | E10: =IF(D10>=2,"重複","単独") | F10: =SUMIFS('XTab DS_1'!$F$2:$F$95,'XTab DS_1'!$B$2:$B$95,$B10,'XTab DS_1'!$D$2:$D$95,"CX01") | G10: =SUMIFS('XTab DS_1'!$G$2:$G$95,'XTab DS_1'!$B$2:$B$95,$B10,'XTab DS_1'!$D$2:$D$95,"CX01") | H10: =SUMIFS('XTab DS_1'!$F$2:$F$95,'XTab DS_1'!$B$2:$B$95,$B10,'XTab DS_1'!$D$2:$D$95,"DB00") | I10: =SUMIFS('XTab DS_1'!$G$2:$G$95,'XTab DS_1'!$B$2:$B$95,$B10,'XTab DS_1'!$D$2:$D$95,"DB00") | J10: =SUMIFS('XTab DS_1'!$F$2:$F$95,'XTab DS_1'!$B$2:$B$95,$B10,'XTab DS_1'!$D$2:$D$95,"ZZ01") | K10: =SUMIFS('XTab DS_1'!$G$2:$G$95,'XTab DS_1'!$B$2:$B$95,$B10,'XTab DS_1'!$D$2:$D$95,"ZZ01") | L10: =SUMIFS('XTab DS_1'!$F$2:$F$95,'XTab DS_1'!$B$2:$B$95,$B10) | M10: =SUMIFS('XTab DS_1'!$G$2:$G$95,'XTab DS_1'!$B$2:$B$95,$B10)
A11: 4515142545181 | B11: CX2509JKSBMCPA-SJ5 | C11: 呪術廻戦展 渋谷事変 ブラインドミニ色紙（全5種） | D11: =COUNTIFS('XTab DS_1'!$B$2:$B$95,$B11) | E11: =IF(D11>=2,"重複","単独") | F11: =SUMIFS('XTab DS_1'!$F$2:$F$95,'XTab DS_1'!$B$2:$B$95,$B11,'XTab DS_1'!$D$2:$D$95,"CX01") | G11: =SUMIFS('XTab DS_1'!$G$2:$G$95,'XTab DS_1'!$B$2:$B$95,$B11,'XTab DS_1'!$D$2:$D$95,"CX01") | H11: =SUMIFS('XTab DS_1'!$F$2:$F$95,'XTab DS_1'!$B$2:$B$95,$B11,'XTab DS_1'!$D$2:$D$95,"DB00") | I11: =SUMIFS('XTab DS_1'!$G$2:$G$95,'XTab DS_1'!$B$2:$B$95,$B11,'XTab DS_1'!$D$2:$D$95,"DB00") | J11: =SUMIFS('XTab DS_1'!$F$2:$F$95,'XTab DS_1'!$B$2:$B$95,$B11,'XTab DS_1'!$D$2:$D$95,"ZZ01") | K11: =SUMIFS('XTab DS_1'!$G$2:$G$95,'XTab DS_1'!$B$2:$B$95,$B11,'XTab DS_1'!$D$2:$D$95,"ZZ01") | L11: =SUMIFS('XTab DS_1'!$F$2:$F$95,'XTab DS_1'!$B$2:$B$95,$B11) | M11: =SUMIFS('XTab DS_1'!$G$2:$G$95,'XTab DS_1'!$B$2:$B$95,$B11)
A12: 4515142545198 | B12: CX2509JKSGOBTBALL | C12: 呪術廻戦展 懐玉玉折 渋谷事変 虚式 ? バスボール | D12: =COUNTIFS('XTab DS_1'!$B$2:$B$95,$B12) | E12: =IF(D12>=2,"重複","単独") | F12: =SUMIFS('XTab DS_1'!$F$2:$F$95,'XTab DS_1'!$B$2:$B$95,$B12,'XTab DS_1'!$D$2:$D$95,"CX01") | G12: =SUMIFS('XTab DS_1'!$G$2:$G$95,'XTab DS_1'!$B$2:$B$95,$B12,'XTab DS_1'!$D$2:$D$95,"CX01") | H12: =SUMIFS('XTab DS_1'!$F$2:$F$95,'XTab DS_1'!$B$2:$B$95,$B12,'XTab DS_1'!$D$2:$D$95,"DB00") | I12: =SUMIFS('XTab DS_1'!$G$2:$G$95,'XTab DS_1'!$B$2:$B$95,$B12,'XTab DS_1'!$D$2:$D$95,"DB00") | J12: =SUMIFS('XTab DS_1'!$F$2:$F$95,'XTab DS_1'!$B$2:$B$95,$B12,'XTab DS_1'!$D$2:$D$95,"ZZ01") | K12: =SUMIFS('XTab DS_1'!$G$2:$G$95,'XTab DS_1'!$B$2:$B$95,$B12,'XTab DS_1'!$D$2:$D$95,"ZZ01") | L12: =SUMIFS('XTab DS_1'!$F$2:$F$95,'XTab DS_1'!$B$2:$B$95,$B12) | M12: =SUMIFS('XTab DS_1'!$G$2:$G$95,'XTab DS_1'!$B$2:$B$95,$B12)
A13: 4515142545204 | B13: CX2509JKSGEHAIRBD | C13: 呪術廻戦展 懐玉玉折 渋谷事変 前髪ヘアバンド | D13: =COUNTIFS('XTab DS_1'!$B$2:$B$95,$B13) | E13: =IF(D13>=2,"重複","単独") | F13: =SUMIFS('XTab DS_1'!$F$2:$F$95,'XTab DS_1'!$B$2:$B$95,$B13,'XTab DS_1'!$D$2:$D$95,"CX01") | G13: =SUMIFS('XTab DS_1'!$G$2:$G$95,'XTab DS_1'!$B$2:$B$95,$B13,'XTab DS_1'!$D$2:$D$95,"CX01") | H13: =SUMIFS('XTab DS_1'!$F$2:$F$95,'XTab DS_1'!$B$2:$B$95,$B13,'XTab DS_1'!$D$2:$D$95,"DB00") | I13: =SUMIFS('XTab DS_1'!$G$2:$G$95,'XTab DS_1'!$B$2:$B$95,$B13,'XTab DS_1'!$D$2:$D$95,"DB00") | J13: =SUMIFS('XTab DS_1'!$F$2:$F$95,'XTab DS_1'!$B$2:$B$95,$B13,'XTab DS_1'!$D$2:$D$95,"ZZ01") | K13: =SUMIFS('XTab DS_1'!$G$2:$G$95,'XTab DS_1'!$B$2:$B$95,$B13,'XTab DS_1'!$D$2:$D$95,"ZZ01") | L13: =SUMIFS('XTab DS_1'!$F$2:$F$95,'XTab DS_1'!$B$2:$B$95,$B13) | M13: =SUMIFS('XTab DS_1'!$G$2:$G$95,'XTab DS_1'!$B$2:$B$95,$B13)
... A43: 4515142545501 | B43: CX2509JKSCF-SJSK | C43: 呪術廻戦展 渋谷事変 クリアファイル（宿儺） | D43: =COUNTIFS('XTab DS_1'!$B$2:$B$95,$B43) | E43: =IF(D43>=2,"重複","単独") | F43: =SUMIFS('XTab DS_1'!$F$2:$F$95,'XTab DS_1'!$B$2:$B$95,$B43,'XTab DS_1'!$D$2:$D$95,"CX01") | G43: =SUMIFS('XTab DS_1'!$G$2:$G$95,'XTab DS_1'!$B$2:$B$95,$B43,'XTab DS_1'!$D$2:$D$95,"CX01") | H43: =SUMIFS('XTab DS_1'!$F$2:$F$95,'XTab DS_1'!$B$2:$B$95,$B43,'XTab DS_1'!$D$2:$D$95,"DB00") | I43: =SUMIFS('XTab DS_1'!$G$2:$G$95,'XTab DS_1'!$B$2:$B$95,$B43,'XTab DS_1'!$D$2:$D$95,"DB00") | J43: =SUMIFS('XTab DS_1'!$F$2:$F$95,'XTab DS_1'!$B$2:$B$95,$B43,'XTab DS_1'!$D$2:$D$95,"ZZ01") | K43: =SUMIFS('XTab DS_1'!$G$2:$G$95,'XTab DS_1'!$B$2:$B$95,$B43,'XTab DS_1'!$D$2:$D$95,"ZZ01") | L43: =SUMIFS('XTab DS_1'!$F$2:$F$95,'XTab DS_1'!$B$2:$B$95,$B43) | M43: =SUMIFS('XTab DS_1'!$G$2:$G$95,'XTab DS_1'!$B$2:$B$95,$B43)
A44: # | B44: CX2509JKSDTPCHCLP2 | C44: 呪術廻戦展 懐玉玉折 渋谷事変 脱兎クリップのみ(1SET 5個) | D44: =COUNTIFS('XTab DS_1'!$B$2:$B$95,$B44) | E44: =IF(D44>=2,"重複","単独") | F44: =SUMIFS('XTab DS_1'!$F$2:$F$95,'XTab DS_1'!$B$2:$B$95,$B44,'XTab DS_1'!$D$2:$D$95,"CX01") | G44: =SUMIFS('XTab DS_1'!$G$2:$G$95,'XTab DS_1'!$B$2:$B$95,$B44,'XTab DS_1'!$D$2:$D$95,"CX01") | H44: =SUMIFS('XTab DS_1'!$F$2:$F$95,'XTab DS_1'!$B$2:$B$95,$B44,'XTab DS_1'!$D$2:$D$95,"DB00") | I44: =SUMIFS('XTab DS_1'!$G$2:$G$95,'XTab DS_1'!$B$2:$B$95,$B44,'XTab DS_1'!$D$2:$D$95,"DB00") | J44: =SUMIFS('XTab DS_1'!$F$2:$F$95,'XTab DS_1'!$B$2:$B$95,$B44,'XTab DS_1'!$D$2:$D$95,"ZZ01") | K44: =SUMIFS('XTab DS_1'!$G$2:$G$95,'XTab DS_1'!$B$2:$B$95,$B44,'XTab DS_1'!$D$2:$D$95,"ZZ01") | L44: =SUMIFS('XTab DS_1'!$F$2:$F$95,'XTab DS_1'!$B$2:$B$95,$B44) | M44: =SUMIFS('XTab DS_1'!$G$2:$G$95,'XTab DS_1'!$B$2:$B$95,$B44)
A45: # | B45: QCX2509JKS2FN-10 | C45: 呪術廻戦展 懐玉玉折 渋谷事変 経費（課税10％） | D45: =COUNTIFS('XTab DS_1'!$B$2:$B$95,$B45) | E45: =IF(D45>=2,"重複","単独") | F45: =SUMIFS('XTab DS_1'!$F$2:$F$95,'XTab DS_1'!$B$2:$B$95,$B45,'XTab DS_1'!$D$2:$D$95,"CX01") | G45: =SUMIFS('XTab DS_1'!$G$2:$G$95,'XTab DS_1'!$B$2:$B$95,$B45,'XTab DS_1'!$D$2:$D$95,"CX01") | H45: =SUMIFS('XTab DS_1'!$F$2:$F$95,'XTab DS_1'!$B$2:$B$95,$B45,'XTab DS_1'!$D$2:$D$95,"DB00") | I45: =SUMIFS('XTab DS_1'!$G$2:$G$95,'XTab DS_1'!$B$2:$B$95,$B45,'XTab DS_1'!$D$2:$D$95,"DB00") | J45: =SUMIFS('XTab DS_1'!$F$2:$F$95,'XTab DS_1'!$B$2:$B$95,$B45,'XTab DS_1'!$D$2:$D$95,"ZZ01") | K45: =SUMIFS('XTab DS_1'!$G$2:$G$95,'XTab DS_1'!$B$2:$B$95,$B45,'XTab DS_1'!$D$2:$D$95,"ZZ01") | L45: =SUMIFS('XTab DS_1'!$F$2:$F$95,'XTab DS_1'!$B$2:$B$95,$B45) | M45: =SUMIFS('XTab DS_1'!$G$2:$G$95,'XTab DS_1'!$B$2:$B$95,$B45)
A46: # | B46: QCX2509JKS2FN-8 | C46: 呪術廻戦展 懐玉玉折 渋谷事変 経費（課税8％） | D46: =COUNTIFS('XTab DS_1'!$B$2:$B$95,$B46) | E46: =IF(D46>=2,"重複","単独") | F46: =SUMIFS('XTab DS_1'!$F$2:$F$95,'XTab DS_1'!$B$2:$B$95,$B46,'XTab DS_1'!$D$2:$D$95,"CX01") | G46: =SUMIFS('XTab DS_1'!$G$2:$G$95,'XTab DS_1'!$B$2:$B$95,$B46,'XTab DS_1'!$D$2:$D$95,"CX01") | H46: =SUMIFS('XTab DS_1'!$F$2:$F$95,'XTab DS_1'!$B$2:$B$95,$B46,'XTab DS_1'!$D$2:$D$95,"DB00") | I46: =SUMIFS('XTab DS_1'!$G$2:$G$95,'XTab DS_1'!$B$2:$B$95,$B46,'XTab DS_1'!$D$2:$D$95,"DB00") | J46: =SUMIFS('XTab DS_1'!$F$2:$F$95,'XTab DS_1'!$B$2:$B$95,$B46,'XTab DS_1'!$D$2:$D$95,"ZZ01") | K46: =SUMIFS('XTab DS_1'!$G$2:$G$95,'XTab DS_1'!$B$2:$B$95,$B46,'XTab DS_1'!$D$2:$D$95,"ZZ01") | L46: =SUMIFS('XTab DS_1'!$F$2:$F$95,'XTab DS_1'!$B$2:$B$95,$B46) | M46: =SUMIFS('XTab DS_1'!$G$2:$G$95,'XTab DS_1'!$B$2:$B$95,$B46)
A47: # | B47: QCX2509JKS2FN-NT | C47: 呪術廻戦展 懐玉玉折 渋谷事変 経費（非課税） | D47: =COUNTIFS('XTab DS_1'!$B$2:$B$95,$B47) | E47: =IF(D47>=2,"重複","単独") | F47: =SUMIFS('XTab DS_1'!$F$2:$F$95,'XTab DS_1'!$B$2:$B$95,$B47,'XTab DS_1'!$D$2:$D$95,"CX01") | G47: =SUMIFS('XTab DS_1'!$G$2:$G$95,'XTab DS_1'!$B$2:$B$95,$B47,'XTab DS_1'!$D$2:$D$95,"CX01") | H47: =SUMIFS('XTab DS_1'!$F$2:$F$95,'XTab DS_1'!$B$2:$B$95,$B47,'XTab DS_1'!$D$2:$D$95,"DB00") | I47: =SUMIFS('XTab DS_1'!$G$2:$G$95,'XTab DS_1'!$B$2:$B$95,$B47,'XTab DS_1'!$D$2:$D$95,"DB00") | J47: =SUMIFS('XTab DS_1'!$F$2:$F$95,'XTab DS_1'!$B$2:$B$95,$B47,'XTab DS_1'!$D$2:$D$95,"ZZ01") | K47: =SUMIFS('XTab DS_1'!$G$2:$G$95,'XTab DS_1'!$B$2:$B$95,$B47,'XTab DS_1'!$D$2:$D$95,"ZZ01") | L47: =SUMIFS('XTab DS_1'!$F$2:$F$95,'XTab DS_1'!$B$2:$B$95,$B47) | M47: =SUMIFS('XTab DS_1'!$G$2:$G$95,'XTab DS_1'!$B$2:$B$95,$B47)
A48: # | B48: QCX2509JKS2FN-RY | C48: 呪術廻戦展 懐玉玉折 渋谷事変 経費（RY） | D48: =COUNTIFS('XTab DS_1'!$B$2:$B$95,$B48) | E48: =IF(D48>=2,"重複","単独") | F48: =SUMIFS('XTab DS_1'!$F$2:$F$95,'XTab DS_1'!$B$2:$B$95,$B48,'XTab DS_1'!$D$2:$D$95,"CX01") | G48: =SUMIFS('XTab DS_1'!$G$2:$G$95,'XTab DS_1'!$B$2:$B$95,$B48,'XTab DS_1'!$D$2:$D$95,"CX01") | H48: =SUMIFS('XTab DS_1'!$F$2:$F$95,'XTab DS_1'!$B$2:$B$95,$B48,'XTab DS_1'!$D$2:$D$95,"DB00") | I48: =SUMIFS('XTab DS_1'!$G$2:$G$95,'XTab DS_1'!$B$2:$B$95,$B48,'XTab DS_1'!$D$2:$D$95,"DB00") | J48: =SUMIFS('XTab DS_1'!$F$2:$F$95,'XTab DS_1'!$B$2:$B$95,$B48,'XTab DS_1'!$D$2:$D$95,"ZZ01") | K48: =SUMIFS('XTab DS_1'!$G$2:$G$95,'XTab DS_1'!$B$2:$B$95,$B48,'XTab DS_1'!$D$2:$D$95,"ZZ01") | L48: =SUMIFS('XTab DS_1'!$F$2:$F$95,'XTab DS_1'!$B$2:$B$95,$B48) | M48: =SUMIFS('XTab DS_1'!$G$2:$G$95,'XTab DS_1'!$B$2:$B$95,$B48)
C49: 合計 | F49: =SUM(F2:F48) | G49: =SUM(G2:G48) | H49: =SUM(H2:H48) | I49: =SUM(I2:I48) | J49: =SUM(J2:J48) | K49: =SUM(K2:K48) | L49: =SUM(L2:L48) | M49: =SUM(M2:M48)
C50: うち 重複 | F50: =SUMIFS(F2:F48,E2:E48,"重複") | G50: =SUMIFS(G2:G48,E2:E48,"重複") | H50: =SUMIFS(H2:H48,E2:E48,"重複") | I50: =SUMIFS(I2:I48,E2:E48,"重複") | J50: =SUMIFS(J2:J48,E2:E48,"重複") | K50: =SUMIFS(K2:K48,E2:E48,"重複") | L50: =SUMIFS(L2:L48,E2:E48,"重複") | M50: =SUMIFS(M2:M48,E2:E48,"重複")
C51: うち 単独 | F51: =SUMIFS(F2:F48,E2:E48,"単独") | G51: =SUMIFS(G2:G48,E2:E48,"単独") | H51: =SUMIFS(H2:H48,E2:E48,"単独") | I51: =SUMIFS(I2:I48,E2:E48,"単独") | J51: =SUMIFS(J2:J48,E2:E48,"単独") | K51: =SUMIFS(K2:K48,E2:E48,"単独") | L51: =SUMIFS(L2:L48,E2:E48,"単独") | M51: =SUMIFS(M2:M48,E2:E48,"単独")
A53: ※元データ「XTab DS_1」の全品目を掲載。2つ以上の倉庫(保管場所)に登録されている品目を「重複」（黄色）、1倉庫のみを「単独」と表示。数量・金額はSUMIFSで元データから集計（元データ変更で自動再計算）。
