Workbook

Sheet 払出チェック
A1: 払出数量 在庫チェック（CX催事 CX01）
A2: 案件管理表 | B2: 5f357d09-_10.1___9________2_____________.xlsx ／ シート「呪術廻戦2期展」 31～71行目（E列 品目コード・F列 品目名・H列 数量）
A3: 在庫データ | B3: 0b2a7381-26.10.5SAP__.xlsx の CX催事（CX01）のみ
A4: 判定ルール | B4: 品目コードで照合。払出後の残数が0は問題なし（OK）、マイナスのみ「不足」。SAP品目名の「?」は表示できない文字のため同一商品とみなす。
A7: 案件管理表 行 | B7: 品目コード | C7: 品目名（案件管理表） | D7: 品目名（SAP） | E7: 品目名 照合 | F7: 在庫数 （CX催事） | G7: 払出数 | H7: 払出後 残数 | I7: 判定 | J7: 不足数
A8: 31 | B8: CX2509JKSMPOSCKV | C8: 呪術廻戦展 懐玉玉折 渋谷事変 メタリックポストカード 展示会KV | D8: 呪術廻戦展 懐玉玉折 渋谷事変 メタリックポストカード 展示会KV | E8: 一致 | F8: =SUMIFS(SAP在庫!$F$2:$F$48,SAP在庫!$B$2:$B$48,$B8) | G8: 289 | H8: =F8-G8 | I8: =IF(H8<0,"不足","OK") | J8: =MAX(0,-H8)
A9: 32 | B9: CX2509JKSCFKV | C9: 呪術廻戦展 懐玉玉折 渋谷事変 クリアファイル 展示会KV | D9: 呪術廻戦展 懐玉玉折 渋谷事変 クリアファイル 展示会KV | E9: 一致 | F9: =SUMIFS(SAP在庫!$F$2:$F$48,SAP在庫!$B$2:$B$48,$B9) | G9: 312 | H9: =F9-G9 | I9: =IF(H9<0,"不足","OK") | J9: =MAX(0,-H9)
A10: 33 | B10: CX2509JKSPOSC-KG5 | C10: 呪術廻戦展 懐玉玉折 ポストカードセット（5枚入） | D10: 呪術廻戦展 懐玉玉折 ポストカードセット（5枚入） | E10: 一致 | F10: =SUMIFS(SAP在庫!$F$2:$F$48,SAP在庫!$B$2:$B$48,$B10) | G10: 580 | H10: =F10-G10 | I10: =IF(H10<0,"不足","OK") | J10: =MAX(0,-H10)
A11: 34 | B11: CX2509JKSPOSC-SJ9 | C11: 呪術廻戦展 渋谷事変 ポストカードセット（9枚入） | D11: 呪術廻戦展 渋谷事変 ポストカードセット（9枚入） | E11: 一致 | F11: =SUMIFS(SAP在庫!$F$2:$F$48,SAP在庫!$B$2:$B$48,$B11) | G11: 1143 | H11: =F11-G11 | I11: =IF(H11<0,"不足","OK") | J11: =MAX(0,-H11)
A12: 35 | B12: CX2509JKSBBDG-KG5 | C12: 呪術廻戦展 懐玉玉折 ブラインド缶バッジ（全5種） | D12: 呪術廻戦展 懐玉玉折 ブラインド缶バッジ（全5種） | E12: 一致 | F12: =SUMIFS(SAP在庫!$F$2:$F$48,SAP在庫!$B$2:$B$48,$B12) | G12: 256 | H12: =F12-G12 | I12: =IF(H12<0,"不足","OK") | J12: =MAX(0,-H12)
A13: 36 | B13: CX2509JKSBBDG-SJ9 | C13: 呪術廻戦展 渋谷事変 ブラインド缶バッジ（全9種） | D13: 呪術廻戦展 渋谷事変 ブラインド缶バッジ（全9種） | E13: 一致 | F13: =SUMIFS(SAP在庫!$F$2:$F$48,SAP在庫!$B$2:$B$48,$B13) | G13: 573 | H13: =F13-G13 | I13: =IF(H13<0,"不足","OK") | J13: =MAX(0,-H13)
A14: 37 | B14: CX2509JKSBSTK-KG5 | C14: 呪術廻戦展 懐玉玉折 ブラインドダイカットステッカー（全5種） | D14: 呪術廻戦展 懐玉玉折 ブラインドダイカットステッカー（全5種） | E14: 一致 | F14: =SUMIFS(SAP在庫!$F$2:$F$48,SAP在庫!$B$2:$B$48,$B14) | G14: 162 | H14: =F14-G14 | I14: =IF(H14<0,"不足","OK") | J14: =MAX(0,-H14)
A15: 38 | B15: CX2509JKSBSTK-SJ9 | C15: 呪術廻戦展 渋谷事変 ブラインドダイカットステッカー（全9種） | D15: 呪術廻戦展 渋谷事変 ブラインドダイカットステッカー（全9種） | E15: 一致 | F15: =SUMIFS(SAP在庫!$F$2:$F$48,SAP在庫!$B$2:$B$48,$B15) | G15: 259 | H15: =F15-G15 | I15: =IF(H15<0,"不足","OK") | J15: =MAX(0,-H15)
A16: 39 | B16: CX2509JKSCF-KGGO | C16: 呪術廻戦展 懐玉玉折 クリアファイル（五条 悟） | D16: 呪術廻戦展 懐玉玉折 クリアファイル（五条 悟） | E16: 一致 | F16: =SUMIFS(SAP在庫!$F$2:$F$48,SAP在庫!$B$2:$B$48,$B16) | G16: 52 | H16: =F16-G16 | I16: =IF(H16<0,"不足","OK") | J16: =MAX(0,-H16)
A17: 40 | B17: CX2509JKSCF-KGGE | C17: 呪術廻戦展 懐玉玉折 クリアファイル（夏油 傑） | D17: 呪術廻戦展 懐玉玉折 クリアファイル（夏油 傑） | E17: 一致 | F17: =SUMIFS(SAP在庫!$F$2:$F$48,SAP在庫!$B$2:$B$48,$B17) | G17: 20 | H17: =F17-G17 | I17: =IF(H17<0,"不足","OK") | J17: =MAX(0,-H17)
A18: 41 | B18: CX2509JKSCF-KGIS | C18: 呪術廻戦展 懐玉玉折 クリアファイル（家入 硝子） | D18: 呪術廻戦展 懐玉玉折 クリアファイル（家入 硝子） | E18: 一致 | F18: =SUMIFS(SAP在庫!$F$2:$F$48,SAP在庫!$B$2:$B$48,$B18) | G18: 8 | H18: =F18-G18 | I18: =IF(H18<0,"不足","OK") | J18: =MAX(0,-H18)
A19: 42 | B19: CX2509JKSCF-KGNM | C19: 呪術廻戦展 懐玉玉折 クリアファイル（七海 建人） | D19: 呪術廻戦展 懐玉玉折 クリアファイル（七海 建人） | E19: 一致 | F19: =SUMIFS(SAP在庫!$F$2:$F$48,SAP在庫!$B$2:$B$48,$B19) | G19: 15 | H19: =F19-G19 | I19: =IF(H19<0,"不足","OK") | J19: =MAX(0,-H19)
... A48: 71 | B48: CX2509JKSIRG-GE17 | C48: 呪術廻戦展 懐玉玉折 渋谷事変 夏油 傑 イメージリング（#17） | D48: 呪術廻戦展 懐玉玉折 渋谷事変 夏油 傑 イメージリング（#17） | E48: 一致 | F48: =SUMIFS(SAP在庫!$F$2:$F$48,SAP在庫!$B$2:$B$48,$B48) | G48: 1 | H48: =F48-G48 | I48: =IF(H48<0,"不足","OK") | J48: =MAX(0,-H48)
C49: 合計 | F49: =SUM(F8:F48) | G49: =SUM(G8:G48) | H49: =SUM(H8:H48) | J49: =SUM(J8:J48)
B51: 対象品目数 | C51: =COUNTA(B8:B48)
B52: 不足（マイナス）品目数 | C52: =COUNTIF(I8:I48,"不足")
B53: 残数0の品目数（問題なし） | C53: =COUNTIF(H8:H48,0)
B54: 品目名 要確認・該当なし | C54: =COUNTIF(E8:E48,"<>一致")
B56: ※払出数（青字）は案件管理表から転記。在庫数・残数・判定はSAP在庫シートを参照する数式。

Sheet SAP在庫
A1: JANコード(EAN/UPC) | B1: 品目コード | C1: 品目テキスト | D1: 保管場所 | E1: 保管場所名 | F1: 在庫数量 | G1: 在庫金額
A2: 4515142545082 | B2: CX2509JKSMPOSCKV | C2: 呪術廻戦展 懐玉玉折 渋谷事変 メタリックポストカード 展示会KV | D2: CX01 | E2: CX催事 | F2: 489 | G2: 44499
A3: 4515142545099 | B3: CX2509JKSCFKV | C3: 呪術廻戦展 懐玉玉折 渋谷事変 クリアファイル 展示会KV | D3: CX01 | E3: CX催事 | F3: 460 | G3: 15180
A4: 4515142545105 | B4: CX2509JKSPOSC-KG5 | C4: 呪術廻戦展 懐玉玉折 ポストカードセット（5枚入） | D4: CX01 | E4: CX催事 | F4: 12721 | G4: 508840
A5: 4515142545112 | B5: CX2509JKSPOSC-SJ9 | C5: 呪術廻戦展 渋谷事変 ポストカードセット（9枚入） | D5: CX01 | E5: CX催事 | F5: 37328 | G5: 858544
A6: 4515142545129 | B6: CX2509JKSBBDG-KG5 | C6: 呪術廻戦展 懐玉玉折 ブラインド缶バッジ（全5種） | D6: CX01 | E6: CX催事 | F6: 8320 | G6: 773760
A7: 4515142545136 | B7: CX2509JKSBBDG-SJ9 | C7: 呪術廻戦展 渋谷事変 ブラインド缶バッジ（全9種） | D7: CX01 | E7: CX催事 | F7: 11948 | G7: 1111164
A8: 4515142545143 | B8: CX2509JKSBSTK-KG5 | C8: 呪術廻戦展 懐玉玉折 ブラインドダイカットステッカー（全5種） | D8: CX01 | E8: CX催事 | F8: 162 | G8: 16362
A9: 4515142545150 | B9: CX2509JKSBSTK-SJ9 | C9: 呪術廻戦展 渋谷事変 ブラインドダイカットステッカー（全9種） | D9: CX01 | E9: CX催事 | F9: 507 | G9: 46137
A10: 4515142545174 | B10: CX2509JKSBMCPA-KG5 | C10: 呪術廻戦展 懐玉玉折 ブラインドミニ色紙（全5種） | D10: CX01 | E10: CX催事 | F10: 8447 | G10: 675760
A11: 4515142545181 | B11: CX2509JKSBMCPA-SJ5 | C11: 呪術廻戦展 渋谷事変 ブラインドミニ色紙（全5種） | D11: CX01 | E11: CX催事 | F11: 6777 | G11: 562491
A12: 4515142545198 | B12: CX2509JKSGOBTBALL | C12: 呪術廻戦展 懐玉玉折 渋谷事変 虚式 ? バスボール | D12: CX01 | E12: CX催事 | F12: 146 | G12: 35040
A13: 4515142545204 | B13: CX2509JKSGEHAIRBD | C13: 呪術廻戦展 懐玉玉折 渋谷事変 前髪ヘアバンド | D13: CX01 | E13: CX催事 | F13: 50 | G13: 43600
... A48: # | B48: QCX2509JKS2FN-RY | C48: 呪術廻戦展 懐玉玉折 渋谷事変 経費（RY） | D48: CX01 | E48: CX催事 | F48: 13292908 | G48: 13292908
